Location ,site Code,canopy.type,leaf.number,leaflet.number,leaflet ID,leaf.color,leaf thickness (mm),leaf.length.cm,Area (in^2),Area (cm^2),Area *m^2),Mass(g),Mass(kg),Red Mean,Green Mean,Red - Green,LMA(g/m^2),date,hhmmss,E,A,gsw,Qin (Simulated PAR),Qin (Simulated PAR) Rounded,Reading ID,Log A,Site Codes,Site Forest Type,EEON plots,EEON plot code,Site Code,x,y
Evergreen,EE1,Edge,1,10,1_10,G,0.27,47.2,3.79,24.451564,0.002445156,0.3119,0.0003119,60.77,75.189,-14.419,127.5583026,20260415 12:43:54,12:43:54,-9.53E-05,0.405363321,-0.007648308,200.0010968,200,1,0.340295861,EE,Evergreen Edge,EF1,EEON Plot D7,EF3,47.06872,-122.985175
Evergreen,EE1,Edge,1,10,1_10,G,0.27,47.2,3.79,24.451564,0.002445156,0.3119,0.0003119,60.77,75.189,-14.419,127.5583026,20260415 12:44:56,12:44:56,-7.17E-05,0.340093341,-0.005580471,500.005619,500,2,0.292739269,EF,Evergreen Forest,EF2,EEON Plot C7,EF2,47.071191,-122.982227
Evergreen,EE1,Edge,1,10,1_10,G,0.27,47.2,3.79,24.451564,0.002445156,0.3119,0.0003119,60.77,75.189,-14.419,127.5583026,20260415 12:46:06,12:46:06,-8.44E-05,0.786276126,-0.00623446,1000.005467,1000,3,0.580133076,MO,McClane Open,EF3,EEON Plot B8,EF1,47.071052,-122.97913
Evergreen,EE1,Edge,1,10,1_10,G,0.27,47.2,3.79,24.451564,0.002445156,0.3119,0.0003119,60.77,75.189,-14.419,127.5583026,20260415 12:49:46,12:47:31,8.41E-05,0.781464538,0.00549479,1499.972581,1500,4,0.5774358,MF,McClane Forest,,,EE1,47.068617,-122.978079
Evergreen,EE1,Edge,1,14,1_14,G,0.22,47.2,2.524,16.2838384,0.001628384,0.2095,0.0002095,67.824,82,-14.176,128.6551701,20260415 12:50:57,12:49:46,1.76E-05,0.97291491,0.001300442,199.9999032,200,5,0.679512099,,,,,EE2,47.068601,-122.977622
Evergreen,EE1,Edge,1,14,1_14,G,0.22,47.2,2.524,16.2838384,0.001628384,0.2095,0.0002095,67.824,82,-14.176,128.6551701,20260415 12:52:17,12:50:57,0.000113275,0.731054804,0.007947743,499.9788387,500,6,0.548730936,,,,,EE3,47.068625,-122.9774
Evergreen,EE1,Edge,1,14,1_14,G,0.22,47.2,2.524,16.2838384,0.001628384,0.2095,0.0002095,67.824,82,-14.176,128.6551701,20260415 12:53:34,12:52:17,0.00011317,0.695820246,0.007392454,999.9843548,1000,7,0.528166545,,,,,MF1,47.002194,-122.999772
Evergreen,EE1,Edge,1,14,1_14,G,0.22,47.2,2.524,16.2838384,0.001628384,0.2095,0.0002095,67.824,82,-14.176,128.6551701,20260415 12:55:59,12:53:34,6.48E-05,0.631585411,0.00408747,1499.996,1500,8,0.489552187,,,,,MF2,47.002604,-122.998891
Evergreen,EE1,Edge,1,15,1_15,G,0.21,47.2,3.318,21.4064088,0.002140641,0.1093,0.0001093,66.803,80.818,-14.015,51.05947524,20260415 12:57:38,12:55:59,9.49E-05,1.454748624,0.007027431,200.017,200,9,0.898024363,,,,,MF3,47.002891,-122.99861
Evergreen,EE1,Edge,1,15,1_15,G,0.21,47.2,3.318,21.4064088,0.002140641,0.1093,0.0001093,66.803,80.818,-14.015,51.05947524,20260415 12:58:49,12:57:38,0.000143146,1.432900068,0.010402024,500.0025806,500,10,0.889083989,,,,,MO1,47.004551,-122.996797
Evergreen,EE1,Edge,1,15,1_15,G,0.21,47.2,3.318,21.4064088,0.002140641,0.1093,0.0001093,66.803,80.818,-14.015,51.05947524,20260415 13:00:14,12:58:49,9.87E-05,1.271430127,0.007088639,1000.011633,1000,11,0.820409645,,,,,MO2,47.004418,-122.997724
Evergreen,EE1,Edge,1,15,1_15,G,0.21,47.2,3.318,21.4064088,0.002140641,0.1093,0.0001093,66.803,80.818,-14.015,51.05947524,20260415 13:09:46,13:00:14,0.000139145,1.021414491,0.009320337,1500.031,1500,12,0.703797509,,,,,MO3,47.004575,-122.998291
Evergreen,EE1,Edge,2,2,2_2,G,0.22,35.4,2.729,17.6064164,0.001760642,0.2506,0.0002506,66.827,72.52,-5.693,142.334473,20260415 13:11:49,13:09:46,0.00045919,3.568053079,0.035991856,200.0011,200,13,1.519087092,,,,,,,
Evergreen,EE1,Edge,2,2,2_2,G,0.22,35.4,2.729,17.6064164,0.001760642,0.2506,0.0002506,66.827,72.52,-5.693,142.334473,20260415 13:13:16,13:11:49,0.000516653,4.300692318,0.039206706,499.9794667,500,14,1.667837438,,,,,,,
Evergreen,EE1,Edge,2,2,2_2,G,0.22,35.4,2.729,17.6064164,0.001760642,0.2506,0.0002506,66.827,72.52,-5.693,142.334473,20260415 13:14:52,13:13:16,0.000557921,4.477538074,0.039958328,999.9924,1000,15,1.700655743,,,,,,,
Evergreen,EE1,Edge,2,2,2_2,G,0.22,35.4,2.729,17.6064164,0.001760642,0.2506,0.0002506,66.827,72.52,-5.693,142.334473,20260415 13:17:42,13:14:52,0.000704045,4.423082406,0.046894221,1499.957097,1500,16,1.690664363,,,,,,,
Evergreen,EE1,Edge,2,4,2_4,G,0.23,35.4,3.733,24.0838228,0.002408382,0.0797,0.0000797,60.94,67.588,-6.648,33.09275303,20260415 13:19:44,13:17:42,0.000527913,4.153598682,0.040152805,200.0233548,200,17,1.639695244,,,,,,,
Evergreen,EE1,Edge,2,4,2_4,G,0.23,35.4,3.733,24.0838228,0.002408382,0.0797,0.0000797,60.94,67.588,-6.648,33.09275303,20260415 13:21:12,13:19:44,0.000598537,4.7496031,0.044681416,500.0017097,500,18,1.749130826,,,,,,,
Evergreen,EE1,Edge,2,4,2_4,G,0.23,35.4,3.733,24.0838228,0.002408382,0.0797,0.0000797,60.94,67.588,-6.648,33.09275303,20260415 13:22:37,13:21:12,0.000705738,4.780143046,0.047378856,1000.0066,1000,19,1.754428431,,,,,,,
Evergreen,EE1,Edge,2,4,2_4,G,0.23,35.4,3.733,24.0838228,0.002408382,0.0797,0.0000797,60.94,67.588,-6.648,33.09275303,20260415 13:26:02,13:22:37,0.00070657,4.702006019,0.045173415,1500.017742,1500,20,1.740818046,,,,,,,
Evergreen,EE1,Edge,2,8,2_8,G,0.26,35.4,3.094,19.9612504,0.001996125,0.274,0.000274,63.313,65.423,-2.11,137.26595,20260415 13:28:04,13:26:02,0.001017402,5.619390665,0.081062007,199.9997419,200,21,1.890003321,,,,,,,
Evergreen,EE1,Edge,2,8,2_8,G,0.26,35.4,3.094,19.9612504,0.001996125,0.274,0.000274,63.313,65.423,-2.11,137.26595,20260415 13:29:44,13:28:04,0.001029916,6.512001379,0.08378897,499.9954,500,22,2.016501925,,,,,,,
Evergreen,EE1,Edge,2,8,2_8,G,0.26,35.4,3.094,19.9612504,0.001996125,0.274,0.000274,63.313,65.423,-2.11,137.26595,20260415 13:31:30,13:29:44,0.001166517,6.524537057,0.088769335,999.9895806,1000,23,2.018169288,,,,,,,
Evergreen,EE1,Edge,2,8,2_8,G,0.26,35.4,3.094,19.9612504,0.001996125,0.274,0.000274,63.313,65.423,-2.11,137.26595,20260415 13:38:27,13:31:30,0.001209864,6.289494001,0.087032169,1500.013548,1500,24,1.986434134,,,,,,,
Evergreen,EE1,Edge,3,8,3_8,R,0.25,34.2,2.711,17.4902876,0.001749029,0.2434,0.0002434,59.018,56.683,2.335,139.1629489,20260415 13:39:58,13:38:27,0.000312736,1.205963189,0.021185866,200.0037333,200,25,0.791164234,,,,,,,
Evergreen,EE1,Edge,3,8,3_8,R,0.25,34.2,2.711,17.4902876,0.001749029,0.2434,0.0002434,59.018,56.683,2.335,139.1629489,20260415 13:41:27,13:39:58,0.000331713,1.31642326,0.020570318,500.0033,500,26,0.840024298,,,,,,,
Evergreen,EE1,Edge,3,8,3_8,R,0.25,34.2,2.711,17.4902876,0.001749029,0.2434,0.0002434,59.018,56.683,2.335,139.1629489,20260415 13:43:30,13:41:27,0.000223391,1.229724831,0.013326207,1000.021871,1000,27,0.801878184,,,,,,,
Evergreen,EE1,Edge,3,8,3_8,R,0.25,34.2,2.711,17.4902876,0.001749029,0.2434,0.0002434,59.018,56.683,2.335,139.1629489,20260415 13:46:36,13:43:30,0.000209144,0.691203904,0.011744719,1499.988667,1500,28,0.525440645,,,,,,,
Evergreen,EE1,Edge,3,5,3_5,R,0.22,34.2,2.226,14.3612616,0.001436126,0.1974,0.0001974,60.9,59.03,1.87,137.4531051,20260415 13:48:19,13:46:36,0.000431596,2.098543976,0.027799817,200.0075667,200,29,1.130932316,,,,,,,
Evergreen,EE1,Edge,3,5,3_5,R,0.22,34.2,2.226,14.3612616,0.001436126,0.1974,0.0001974,60.9,59.03,1.87,137.4531051,20260415 13:49:41,13:48:19,0.000376753,1.985079162,0.022395135,500.0072903,500,30,1.093626266,,,,,,,
Evergreen,EE1,Edge,3,5,3_5,R,0.22,34.2,2.226,14.3612616,0.001436126,0.1974,0.0001974,60.9,59.03,1.87,137.4531051,20260415 13:50:56,13:49:41,0.000349221,1.695532871,0.019498882,1000.196774,1000.2,31,0.991595911,,,,,,,
Evergreen,EE1,Edge,3,5,3_5,R,0.22,34.2,2.226,14.3612616,0.001436126,0.1974,0.0001974,60.9,59.03,1.87,137.4531051,20260415 13:54:36,13:50:56,0.000320359,1.251331788,0.016530714,1499.792333,1499.8,32,0.811521947,,,,,,,
Evergreen,EE1,Edge,3,9,3_9,R,0.21,34.2,3.046,19.6515736,0.001965157,0.2721,0.0002721,60.104,59.194,0.91,138.4621942,20260415 13:55:55,13:54:36,0.0002067,1.271758293,0.012901145,200.0095,200,33,0.82055411,,,,,,,
Evergreen,EE1,Edge,3,9,3_9,R,0.21,34.2,3.046,19.6515736,0.001965157,0.2721,0.0002721,60.104,59.194,0.91,138.4621942,20260415 13:57:09,13:55:55,0.000196447,1.113140953,0.012060654,500.0152581,500,34,0.748175444,,,,,,,
Evergreen,EE1,Edge,3,9,3_9,R,0.21,34.2,3.046,19.6515736,0.001965157,0.2721,0.0002721,60.104,59.194,0.91,138.4621942,20260415 13:58:24,13:57:09,0.000195753,1.045328624,0.011233431,999.9833871,1000,35,0.715558473,,,,,,,
Evergreen,EE1,Edge,3,9,3_9,R,0.21,34.2,3.046,19.6515736,0.001965157,0.2721,0.0002721,60.104,59.194,0.91,138.4621942,20260416 10:35:35,13:58:24,0.000162568,0.609166553,0.008918546,1499.973,1500,36,0.475716376,,,,,,,
Evergreen,EE2,Edge,4,2,4_2,G,0.17,29.8,1.223,7.8903068,0.000789031,0.0747,0.0000747,59.2,74.481,-15.281,94.67312475,20260416 10:36:22,10:35:35,0.000924417,1.869802447,0.064165148,200.0056667,200,37,1.054243194,,,,,,,
Evergreen,EE2,Edge,4,2,4_2,G,0.17,29.8,1.223,7.8903068,0.000789031,0.0747,0.0000747,59.2,74.481,-15.281,94.67312475,20260416 10:37:24,10:36:22,0.000675872,1.901184974,0.045081219,499.9786452,500,38,1.065119265,,,,,,,
Evergreen,EE2,Edge,4,2,4_2,G,0.17,29.8,1.223,7.8903068,0.000789031,0.0747,0.0000747,59.2,74.481,-15.281,94.67312475,20260416 10:38:12,10:37:24,0.000987474,1.674143901,0.061308419,999.9810667,1000,39,0.983629292,,,,,,,
Evergreen,EE2,Edge,4,2,4_2,G,0.17,29.8,1.223,7.8903068,0.000789031,0.0747,0.0000747,59.2,74.481,-15.281,94.67312475,20260416 10:44:12,10:38:12,0.000954923,1.710246351,0.05432735,1500.030968,1500,40,0.997039535,,,,,,,
Evergreen,EE2,Edge,4,4,4_4,G,0.21,29.8,2.831,18.2644796,0.001826448,0.1814,0.0001814,54.529,56.391,-1.862,99.31846074,20260416 10:45:07,10:44:12,0.0006555,1.943646382,0.039738708,200.0813,200.1,41,1.079649079,,,,,,,
Evergreen,EE2,Edge,4,4,4_4,G,0.21,29.8,2.831,18.2644796,0.001826448,0.1814,0.0001814,54.529,56.391,-1.862,99.31846074,20260416 10:45:53,10:45:07,0.0006382,1.99180027,0.038248253,500.0070323,500,42,1.095875303,,,,,,,
Evergreen,EE2,Edge,4,4,4_4,G,0.21,29.8,2.831,18.2644796,0.001826448,0.1814,0.0001814,54.529,56.391,-1.862,99.31846074,20260416 10:46:47,10:45:53,0.000638283,1.702997916,0.036671921,999.9857742,1000,43,0.994361496,,,,,,,
Evergreen,EE2,Edge,4,4,4_4,G,0.21,29.8,2.831,18.2644796,0.001826448,0.1814,0.0001814,54.529,56.391,-1.862,99.31846074,20260416 11:01:24,10:46:47,0.000659546,1.74911783,0.03594614,1499.935806,1499.9,44,1.011280071,,,,,,,
Evergreen,EE2,Edge,5,6,5_6,R,0.25,33.8,1.585,10.225786,0.001022579,0.1279,0.0001279,58.336,53.645,4.691,125.0759599,20260416 11:02:16,11:01:24,0.000295344,0.366915757,0.021634566,200.0173667,200,45,0.31255693,,,,,,,
Evergreen,EE2,Edge,5,6,5_6,R,0.25,33.8,1.585,10.225786,0.001022579,0.1279,0.0001279,58.336,53.645,4.691,125.0759599,20260416 11:03:00,11:02:16,0.000476514,0.296078167,0.033239932,499.9905806,500,46,0.25934291,,,,,,,
Evergreen,EE2,Edge,5,6,5_6,R,0.25,33.8,1.585,10.225786,0.001022579,0.1279,0.0001279,58.336,53.645,4.691,125.0759599,20260416 11:03:45,11:03:00,0.000541724,0.322461464,0.035303063,999.979,1000,47,0.279494746,,,,,,,
Evergreen,EE2,Edge,5,6,5_6,R,0.25,33.8,1.585,10.225786,0.001022579,0.1279,0.0001279,58.336,53.645,4.691,125.0759599,20260416 11:07:15,11:03:45,0.000548133,0.165295527,0.03332709,1499.968387,1500,48,0.152974726,,,,,,,
Evergreen,EE2,Edge,5,5,5_5,R,0.24,33.8,2.666,17.1999656,0.001719997,0.2142,0.0002142,57.256,53.746,3.51,124.5351328,20260416 11:08:09,11:07:15,0.00043314,0.493439307,0.030156635,200.0291613,200,49,0.40108172,,,,,,,
Evergreen,EE2,Edge,5,5,5_5,R,0.24,33.8,2.666,17.1999656,0.001719997,0.2142,0.0002142,57.256,53.746,3.51,124.5351328,20260416 11:08:57,11:08:09,0.000501359,0.35847384,0.034366581,499.9899355,500,50,0.306361893,,,,,,,
Evergreen,EE2,Edge,5,5,5_5,R,0.24,33.8,2.666,17.1999656,0.001719997,0.2142,0.0002142,57.256,53.746,3.51,124.5351328,20260416 11:09:47,11:08:57,0.000512554,0.526746992,0.033371944,999.9835806,1000,51,0.423139323,,,,,,,
Evergreen,EE2,Edge,5,5,5_5,R,0.24,33.8,2.666,17.1999656,0.001719997,0.2142,0.0002142,57.256,53.746,3.51,124.5351328,20260416 11:12:36,11:09:47,0.000578916,0.358967795,0.035427878,1499.950645,1500,52,0.306725437,,,,,,,
Evergreen,EE2,Edge,5,1,5_1,R,0.22,33.8,2.531,16.3289996,0.0016329,0.1313,0.0001313,48.701,43.097,5.604,80.4090901,20260416 11:13:33,11:12:36,0.000588722,1.771686024,0.041638621,200.0152258,200,53,1.019455808,,,,,,,
Evergreen,EE2,Edge,5,1,5_1,R,0.22,33.8,2.531,16.3289996,0.0016329,0.1313,0.0001313,48.701,43.097,5.604,80.4090901,20260416 11:14:22,11:13:33,0.000740173,2.070488732,0.051208852,500.0061935,500,54,1.121836745,,,,,,,
Evergreen,EE2,Edge,5,1,5_1,R,0.22,33.8,2.531,16.3289996,0.0016329,0.1313,0.0001313,48.701,43.097,5.604,80.4090901,20260416 11:15:13,11:14:22,0.0008039,1.865460712,0.052276376,1000.002194,1000,55,1.052729144,,,,,,,
Evergreen,EE2,Edge,5,1,5_1,R,0.22,33.8,2.531,16.3289996,0.0016329,0.1313,0.0001313,48.701,43.097,5.604,80.4090901,20260416 11:23:23,11:15:13,0.000844371,1.933515424,0.051416649,1499.984516,1500,56,1.076201507,,,,,,,
Evergreen,EE2,Edge,6,2,6_2,G,0.26,36.2,1.222,7.8838552,0.000788386,0.2227,0.0002227,59.142,74.802,-15.66,282.476015,20260416 11:24:27,11:23:23,0.000987512,1.28445059,0.070356196,200.0028387,200,57,0.826125553,,,,,,,
Evergreen,EE2,Edge,6,2,6_2,G,0.26,36.2,1.222,7.8838552,0.000788386,0.2227,0.0002227,59.142,74.802,-15.66,282.476015,20260416 11:25:14,11:24:27,0.000584375,1.566319727,0.039463997,500.0081935,500,58,0.94247286,,,,,,,
Evergreen,EE2,Edge,6,2,6_2,G,0.26,36.2,1.222,7.8838552,0.000788386,0.2227,0.0002227,59.142,74.802,-15.66,282.476015,20260416 11:26:13,11:25:14,0.000731144,1.56355434,0.047271592,999.9965806,1000,59,0.94139471,,,,,,,
Evergreen,EE2,Edge,6,2,6_2,G,0.26,36.2,1.222,7.8838552,0.000788386,0.2227,0.0002227,59.142,74.802,-15.66,282.476015,20260416 11:28:14,11:26:13,0.000599766,1.356929002,0.037168335,1500.073871,1500.1,60,0.857359501,,,,,,,
Evergreen,EE2,Edge,6,12,6_12,R,0.21,36.2,2.273,14.6644868,0.001466449,0.1613,0.0001613,56.301,53.435,2.866,109.9936208,20260416 11:29:03,11:28:14,0.000577476,0.79525176,0.043082712,200.0063667,200,61,0.585145268,,,,,,,
Evergreen,EE2,Edge,6,12,6_12,R,0.21,36.2,2.273,14.6644868,0.001466449,0.1613,0.0001613,56.301,53.435,2.866,109.9936208,20260416 11:30:02,11:29:03,0.00040305,0.743223295,0.028820515,500.0059677,500,62,0.555735868,,,,,,,
Evergreen,EE2,Edge,6,12,6_12,R,0.21,36.2,2.273,14.6644868,0.001466449,0.1613,0.0001613,56.301,53.435,2.866,109.9936208,20260416 11:30:49,11:30:02,0.000471508,0.431283243,0.031664556,999.9812903,1000,63,0.358571415,,,,,,,
Evergreen,EE2,Edge,6,12,6_12,R,0.21,36.2,2.273,14.6644868,0.001466449,0.1613,0.0001613,56.301,53.435,2.866,109.9936208,20260416 11:33:34,11:30:49,0.000580511,0.651285743,0.036365444,1499.97871,1500,64,0.501554223,,,,,,,
Evergreen,EE2,Edge,6,7,6_7,R,0.23,36.2,3.161,20.3935076,0.002039351,0,0,53.268,51.582,1.686,0,20260416 11:34:22,11:33:34,0.000339921,0.313982813,0.02407514,200.0111613,200,65,0.27306284,,,,,,,
Evergreen,EE2,Edge,6,7,6_7,R,0.23,36.2,3.161,20.3935076,0.002039351,0,0,53.268,51.582,1.686,0,20260416 11:35:07,11:34:22,0.000282099,0.27679043,0.019878887,500.0338387,500,66,0.244349452,,,,,,,
Evergreen,EE2,Edge,6,7,6_7,R,0.23,36.2,3.161,20.3935076,0.002039351,0,0,53.268,51.582,1.686,0,20260416 11:35:51,11:35:07,0.00027837,0.166573896,0.018823854,1000.003613,1000,67,0.154071159,,,,,,,
Evergreen,EE2,Edge,6,7,6_7,R,0.23,36.2,3.161,20.3935076,0.002039351,0,0,53.268,51.582,1.686,0,20260416 11:44:47,11:35:51,0.000351627,0.200738625,0.022932425,1499.945806,1499.9,68,0.182936888,,,,,,,
Evergreen,EE3,Edge,7,2,7_2,G,0.23,35,2.083,13.4386828,0.001343868,0.1696,0.0001696,62.449,74.256,-11.807,126.2028448,20260416 11:45:36,11:44:47,0.000792995,0.218712309,0.051530624,200.0210968,200,69,0.197794817,,,,,,,
Evergreen,EE3,Edge,7,2,7_2,G,0.23,35,2.083,13.4386828,0.001343868,0.1696,0.0001696,62.449,74.256,-11.807,126.2028448,20260416 11:46:25,11:45:36,0.000571085,0.423474798,0.034865199,499.9946774,500,70,0.353100923,,,,,,,
Evergreen,EE3,Edge,7,2,7_2,G,0.23,35,2.083,13.4386828,0.001343868,0.1696,0.0001696,62.449,74.256,-11.807,126.2028448,20260416 11:47:17,11:46:25,0.000554916,0.631502846,0.031334542,999.9707419,1000,71,0.489501581,,,,,,,
Evergreen,EE3,Edge,7,2,7_2,G,0.23,35,2.083,13.4386828,0.001343868,0.1696,0.0001696,62.449,74.256,-11.807,126.2028448,20260416 11:49:33,11:47:17,0.000546282,0.548517367,0.028619031,1499.972903,1500,72,0.437297936,,,,,,,
Evergreen,EE3,Edge,7,9,7_9,G,0.19,35,1.218,7.8580488,0.000785805,0.0974,0.0000974,48.865,58.622,-9.757,123.9493448,20260416 11:50:23,11:49:33,0.000654025,2.411675275,0.037963257,200.0364516,200,73,1.227203454,,,,,,,
Evergreen,EE3,Edge,7,9,7_9,G,0.19,35,1.218,7.8580488,0.000785805,0.0974,0.0000974,48.865,58.622,-9.757,123.9493448,20260416 11:51:10,11:50:23,0.000686239,2.72991583,0.040061591,499.985,500,74,1.316385668,,,,,,,
Evergreen,EE3,Edge,7,9,7_9,G,0.19,35,1.218,7.8580488,0.000785805,0.0974,0.0000974,48.865,58.622,-9.757,123.9493448,20260416 11:52:03,11:51:10,0.000667301,2.90877523,0.038513844,999.979129,1000,75,1.363224085,,,,,,,
Evergreen,EE3,Edge,7,9,7_9,G,0.19,35,1.218,7.8580488,0.000785805,0.0974,0.0000974,48.865,58.622,-9.757,123.9493448,20260416 11:54:26,11:52:03,0.000727261,2.977594788,0.040774151,1499.963226,1500,76,1.380677312,,,,,,,
Evergreen,EE3,Edge,7,10,7_10,G,0.22,35,2.217,14.3031972,0.00143032,0.1874,0.0001874,58.959,72.717,-13.758,131.0196576,20260416 11:55:13,11:54:26,0.00067687,3.674308578,0.04576515,200.0119355,200,77,1.542081254,,,,,,,
Evergreen,EE3,Edge,7,10,7_10,G,0.22,35,2.217,14.3031972,0.00143032,0.1874,0.0001874,58.959,72.717,-13.758,131.0196576,20260416 11:56:00,11:55:13,0.000860365,4.69985674,0.056735549,499.9946452,500,78,1.740441041,,,,,,,
Evergreen,EE3,Edge,7,10,7_10,G,0.22,35,2.217,14.3031972,0.00143032,0.1874,0.0001874,58.959,72.717,-13.758,131.0196576,20260416 11:56:47,11:56:00,0.000988387,5.23396584,0.061174096,999.9749032,1000,79,1.830012702,,,,,,,
Evergreen,EE3,Edge,7,10,7_10,G,0.22,35,2.217,14.3031972,0.00143032,0.1874,0.0001874,58.959,72.717,-13.758,131.0196576,20260416 12:04:40,11:56:47,0.001073605,5.161001196,0.062523333,1500.014194,1500,80,1.818239296,,,,,,,
Evergreen,EE3,Edge,8,7,8_7,G,0.21,36.4,3.775,24.35479,0.002435479,0.2286,0.0002286,55.514,59.773,-4.259,93.86243938,20260416 12:05:29,12:04:40,1.69E-05,0.115525148,0.001048606,200.0106333,200,81,0.109325279,,,,,,,
Evergreen,EE3,Edge,8,7,8_7,G,0.21,36.4,3.775,24.35479,0.002435479,0.2286,0.0002286,55.514,59.773,-4.259,93.86243938,20260416 12:06:12,12:05:29,0.000165867,0.205593093,0.009949486,499.9776452,500,82,0.186971639,,,,,,,
Evergreen,EE3,Edge,8,7,8_7,G,0.21,36.4,3.775,24.35479,0.002435479,0.2286,0.0002286,55.514,59.773,-4.259,93.86243938,20260416 12:06:56,12:06:12,0.0001656,0.057010861,0.009340946,999.9508065,1000,83,0.055444982,,,,,,,
Evergreen,EE3,Edge,8,7,8_7,G,0.21,36.4,3.775,24.35479,0.002435479,0.2286,0.0002286,55.514,59.773,-4.259,93.86243938,20260416 12:10:32,12:06:56,0.000197445,0.244824094,0.010507866,1499.939677,1499.9,84,0.21899423,,,,,,,
Evergreen,EE3,Edge,8,6,8_6,G,0.29,36.4,3.35,21.61286,0.002161286,0.3062,0.0003062,49.523,56.027,-6.504,141.6749102,20260416 12:11:15,12:10:32,0.000117617,0.262425612,0.007046461,200.0315806,200,85,0.233034959,,,,,,,
Evergreen,EE3,Edge,8,6,8_6,G,0.29,36.4,3.35,21.61286,0.002161286,0.3062,0.0003062,49.523,56.027,-6.504,141.6749102,20260416 12:16:15,12:11:15,0.000117052,0.115549048,0.007038408,500.0094516,500,86,0.109346703,,,,,,,
Evergreen,EE3,Edge,8,10,8_10,G,0.29,36.4,3.746,24.1676936,0.002416769,0.3253,0.0003253,55.11,64.598,-9.488,134.6011768,20260416 12:24:37,12:16:15,0.00014957,0.000349389,0.010485046,499.998871,500,87,0.000349328,,,,,,,
Evergreen,EE3,Edge,9,1,9_1,G,0.23,38,0.986,6.3612776,0.000636128,0.0876,0.0000876,58.924,75.028,-16.104,137.7081862,20260416 12:25:24,12:24:37,7.64E-05,1.171009939,0.005559985,199.961129,200,88,0.775192469,,,,,,,
Evergreen,EE3,Edge,9,1,9_1,G,0.23,38,0.986,6.3612776,0.000636128,0.0876,0.0000876,58.924,75.028,-16.104,137.7081862,20260416 12:26:13,12:25:24,0.000166899,1.079049744,0.012477881,499.9902903,500,89,0.731910935,,,,,,,
Evergreen,EE3,Edge,9,1,9_1,G,0.23,38,0.986,6.3612776,0.000636128,0.0876,0.0000876,58.924,75.028,-16.104,137.7081862,20260416 12:26:59,12:26:13,0.000343316,0.871255665,0.024776197,999.9854839,1000,90,0.626609684,,,,,,,
Evergreen,EE3,Edge,9,1,9_1,G,0.23,38,0.986,6.3612776,0.000636128,0.0876,0.0000876,58.924,75.028,-16.104,137.7081862,20260416 12:29:23,12:26:59,0.000461925,0.895428097,0.030882426,1499.970645,1500,91,0.639444722,,,,,,,
Evergreen,EE3,Edge,9,7,9_7,G,0.26,38,2.348,15.1483568,0.001514836,0.2074,0.0002074,63.98,70.778,-6.798,136.9125396,20260416 12:30:09,12:29:23,0.000306246,0.741322317,0.022145642,199.9570323,200,92,0.554644777,,,,,,,
Evergreen,EE3,Edge,9,7,9_7,G,0.26,38,2.348,15.1483568,0.001514836,0.2074,0.0002074,63.98,70.778,-6.798,136.9125396,20260416 12:30:56,12:30:09,0.000462941,0.647227376,0.031849918,499.9853548,500,93,0.499093496,,,,,,,
Evergreen,EE3,Edge,9,7,9_7,G,0.26,38,2.348,15.1483568,0.001514836,0.2074,0.0002074,63.98,70.778,-6.798,136.9125396,20260416 12:31:58,12:30:56,0.000443752,0.779975135,0.028984479,999.9866452,1000,94,0.576599395,,,,,,,
Evergreen,EE3,Edge,9,7,9_7,G,0.26,38,2.348,15.1483568,0.001514836,0.2074,0.0002074,63.98,70.778,-6.798,136.9125396,20260417 10:50:59,12:31:58,0.000451824,0.821441474,0.028192827,1500.004194,1500,95,0.599628206,,,,,,,
Evergreen,EF1,Forest,10,3,10_3,G,0.23,34.6,2.373,15.3096468,0.001530965,0.1386,0.0001386,58.305,85.053,-26.748,90.53115451,20260417 10:51:49,10:50:59,0.000384409,0.940582431,0.02261439,199.9953548,200,96,0.66298815,,,,,,,
Evergreen,EF1,Forest,10,3,10_3,G,0.23,34.6,2.373,15.3096468,0.001530965,0.1386,0.0001386,58.305,85.053,-26.748,90.53115451,20260417 10:52:40,10:51:49,0.000449105,1.119119168,0.025637141,499.990871,500,97,0.751000516,,,,,,,
Evergreen,EF1,Forest,10,3,10_3,G,0.23,34.6,2.373,15.3096468,0.001530965,0.1386,0.0001386,58.305,85.053,-26.748,90.53115451,20260417 10:53:26,10:52:40,0.00059459,0.95832106,0.031956694,999.9544516,1000,98,0.672087504,,,,,,,
Evergreen,EF1,Forest,10,3,10_3,G,0.23,34.6,2.373,15.3096468,0.001530965,0.1386,0.0001386,58.305,85.053,-26.748,90.53115451,20260417 10:55:19,10:53:26,0.000637322,0.881500857,0.032087519,1499.972903,1500,99,0.632069787,,,,,,,
Evergreen,EF1,Forest,10,6,10_6,G,0.22,34.6,2.348,15.1483568,0.001514836,0.1368,0.0001368,58.284,83.879,-25.595,90.30682457,20260417 10:56:08,10:55:19,0.000698137,1.500625564,0.039430828,199.9934667,200,100,0.916540926,,,,,,,
Evergreen,EF1,Forest,10,6,10_6,G,0.22,34.6,2.348,15.1483568,0.001514836,0.1368,0.0001368,58.284,83.879,-25.595,90.30682457,20260417 10:56:55,10:56:08,0.000722016,1.841773571,0.039623526,499.9943548,500,101,1.044428354,,,,,,,
Evergreen,EF1,Forest,10,6,10_6,G,0.22,34.6,2.348,15.1483568,0.001514836,0.1368,0.0001368,58.284,83.879,-25.595,90.30682457,20260417 10:57:43,10:56:55,0.000737891,1.956952156,0.038523249,999.9698065,1000,102,1.084159061,,,,,,,
Evergreen,EF1,Forest,10,6,10_6,G,0.22,34.6,2.348,15.1483568,0.001514836,0.1368,0.0001368,58.284,83.879,-25.595,90.30682457,20260417 10:59:37,10:57:43,0.000779556,1.818968655,0.0384804,1499.97129,1500,103,1.036371093,,,,,,,
Evergreen,EF1,Forest,10,12,10_12,G,0.19,34.6,1.425,9.19353,0.000919353,0,0,0,0,0,0,20260417 11:00:28,10:59:37,0.000484913,0.93922139,0.027285266,199.9913667,200,104,0.662286547,,,,,,,
Evergreen,EF1,Forest,10,12,10_12,G,0.19,34.6,1.425,9.19353,0.000919353,0,0,0,0,0,0,20260417 11:01:15,11:00:28,0.000570862,1.282971993,0.030945133,500.0034194,500,105,0.8254781,,,,,,,
Evergreen,EF1,Forest,10,12,10_12,G,0.19,34.6,1.425,9.19353,0.000919353,0,0,0,0,0,0,20260417 11:02:06,11:01:15,0.000604037,1.360833047,0.03104704,999.9718387,1000,106,0.859014543,,,,,,,
Evergreen,EF1,Forest,10,12,10_12,G,0.19,34.6,1.425,9.19353,0.000919353,0,0,0,0,0,0,20260417 11:11:27,11:02:06,0.000641895,1.399200271,0.031211308,1499.973548,1500,107,0.875135461,,,,,,,
Evergreen,EF1,Forest,11,8,11_8,G,0.19,40.6,1.809,11.6709444,0.001167094,0,0,63.396,85.793,-22.397,0,20260417 11:12:18,11:11:27,0.00037188,0.627201277,0.01997382,200.0247333,200,108,0.486861531,,,,,,,
Evergreen,EF1,Forest,11,8,11_8,G,0.19,40.6,1.809,11.6709444,0.001167094,0,0,63.396,85.793,-22.397,0,20260417 11:13:04,11:12:18,0.000401119,0.661753252,0.020856928,500.014871,500,109,0.507873221,,,,,,,
Evergreen,EF1,Forest,11,8,11_8,G,0.19,40.6,1.809,11.6709444,0.001167094,0,0,63.396,85.793,-22.397,0,20260417 11:13:51,11:13:04,0.000431353,0.692928272,0.02127422,999.9806452,1000,110,0.526459735,,,,,,,
Evergreen,EF1,Forest,11,8,11_8,G,0.19,40.6,1.809,11.6709444,0.001167094,0,0,63.396,85.793,-22.397,0,20260417 11:15:44,11:13:51,0.000464058,0.389650515,0.021669145,1499.953548,1500,111,0.329052287,,,,,,,
Evergreen,EF1,Forest,11,12,11_12,G,0.2,40.6,1.933,12.4709428,0.001247094,0.0929,0.0000929,69.853,91.701,-21.848,74.49316502,20260417 11:16:40,11:15:44,0.000431751,0.61944936,0.022497364,200.0153333,200,112,0.48208619,,,,,,,
Evergreen,EF1,Forest,11,12,11_12,G,0.2,40.6,1.933,12.4709428,0.001247094,0.0929,0.0000929,69.853,91.701,-21.848,74.49316502,20260417 11:17:26,11:16:40,0.000466344,0.796730371,0.023802865,499.9962581,500,113,0.585968553,,,,,,,
Evergreen,EF1,Forest,11,12,11_12,G,0.2,40.6,1.933,12.4709428,0.001247094,0.0929,0.0000929,69.853,91.701,-21.848,74.49316502,20260417 11:18:12,11:17:26,0.000485379,0.733164297,0.023692481,999.9976129,1000,114,0.549948811,,,,,,,
Evergreen,EF1,Forest,11,12,11_12,G,0.2,40.6,1.933,12.4709428,0.001247094,0.0929,0.0000929,69.853,91.701,-21.848,74.49316502,20260417 11:20:26,11:18:12,0.000503083,0.762252839,0.023372408,1499.96129,1500,115,0.566593013,,,,,,,
Evergreen,EF1,Forest,11,14,11_14,G,0.19,40.6,1.663,10.7290108,0.001072901,0.0838,0.0000838,65.244,89.795,-24.551,78.10598904,20260417 11:21:12,11:20:26,0.000438225,0.611015896,0.022670892,200.0090645,200,116,0.476864971,,,,,,,
Evergreen,EF1,Forest,11,14,11_14,G,0.19,40.6,1.663,10.7290108,0.001072901,0.0838,0.0000838,65.244,89.795,-24.551,78.10598904,20260417 11:22:01,11:21:12,0.000463364,0.660529014,0.023437344,500.0126129,500,117,0.507136235,,,,,,,
Evergreen,EF1,Forest,11,14,11_14,G,0.19,40.6,1.663,10.7290108,0.001072901,0.0838,0.0000838,65.244,89.795,-24.551,78.10598904,20260417 11:22:47,11:22:01,0.000478603,0.648513614,0.023198442,999.9971935,1000,118,0.499874042,,,,,,,
Evergreen,EF1,Forest,11,14,11_14,G,0.19,40.6,1.663,10.7290108,0.001072901,0.0838,0.0000838,65.244,89.795,-24.551,78.10598904,20260417 11:28:08,11:22:47,0.000490566,0.507117627,0.022715993,1499.992258,1500,119,0.41019897,,,,,,,
Evergreen,EF1,Forest,12,3,12_3,G,0.24,23,1.51,9.741916,0.000974192,0.0991,0.0000991,58.685,89.185,-30.5,101.725369,20260417 11:28:57,11:28:08,0.00028461,0.921423434,0.016131982,200.0049333,200,120,0.653066283,,,,,,,
Evergreen,EF1,Forest,12,3,12_3,G,0.24,23,1.51,9.741916,0.000974192,0.0991,0.0000991,58.685,89.185,-30.5,101.725369,20260417 11:29:46,11:28:57,0.00038557,1.215617864,0.020991543,500.0502581,500.1,121,0.79553131,,,,,,,
Evergreen,EF1,Forest,12,3,12_3,G,0.24,23,1.51,9.741916,0.000974192,0.0991,0.0000991,58.685,89.185,-30.5,101.725369,20260417 11:30:33,11:29:46,0.000444278,1.274607512,0.022848024,1000.01371,1000,122,0.821807515,,,,,,,
Evergreen,EF1,Forest,12,3,12_3,G,0.24,23,1.51,9.741916,0.000974192,0.0991,0.0000991,58.685,89.185,-30.5,101.725369,20260417 11:32:37,11:30:33,0.000481166,1.263984418,0.02347514,1499.921935,1499.9,123,0.817126278,,,,,,,
Evergreen,EF1,Forest,12,5,12_5,G,0.22,23,1.741,11.2322356,0.001123224,0.1041,0.0001041,63.56,90.198,-26.638,92.6796799,20260417 11:33:29,11:32:37,0.000555253,0.952834649,0.029940658,200.0084839,200,124,0.669281983,,,,,,,
Evergreen,EF1,Forest,12,5,12_5,G,0.22,23,1.741,11.2322356,0.001123224,0.1041,0.0001041,63.56,90.198,-26.638,92.6796799,20260417 11:34:16,11:33:29,0.000618463,1.024804769,0.032461591,499.992,500,125,0.705473286,,,,,,,
Evergreen,EF1,Forest,12,5,12_5,G,0.22,23,1.741,11.2322356,0.001123224,0.1041,0.0001041,63.56,90.198,-26.638,92.6796799,20260417 11:35:10,11:34:16,0.000646443,1.005323682,0.032299286,999.977871,1000,126,0.695805485,,,,,,,
Evergreen,EF1,Forest,12,5,12_5,G,0.22,23,1.741,11.2322356,0.001123224,0.1041,0.0001041,63.56,90.198,-26.638,92.6796799,20260417 11:36:53,11:35:10,0.000682193,0.863271883,0.032245866,1499.968387,1500,127,0.622334019,,,,,,,
Evergreen,EF1,Forest,12,6,12_6,G,0.2,23,1.771,11.4257836,0.001142578,0.1096,0.0001096,59.305,78.42,-19.115,95.92339907,20260417 11:37:46,11:36:53,0.000701497,1.871197898,0.037018683,200.0037333,200,128,1.054729329,,,,,,,
Evergreen,EF1,Forest,12,6,12_6,G,0.2,23,1.771,11.4257836,0.001142578,0.1096,0.0001096,59.305,78.42,-19.115,95.92339907,20260417 11:38:39,11:37:46,0.00071103,2.030189542,0.036764145,499.9928065,500,129,1.108625173,,,,,,,
Evergreen,EF1,Forest,12,6,12_6,G,0.2,23,1.771,11.4257836,0.001142578,0.1096,0.0001096,59.305,78.42,-19.115,95.92339907,20260417 11:39:26,11:38:39,0.000722322,2.205801952,0.035812648,999.992129,1000,130,1.164962278,,,,,,,
Evergreen,EF1,Forest,12,6,12_6,G,0.2,23,1.771,11.4257836,0.001142578,0.1096,0.0001096,59.305,78.42,-19.115,95.92339907,20260417 11:57:50,11:39:26,0.000731808,2.030622235,0.034634934,1499.960968,1500,131,1.108767957,,,,,,,
Evergreen,EF2,Forest,13,5,13_5,R,0.28,44.4,3.934,25.3805944,0.002538059,0.2755,0.0002755,113.842,54.522,59.32,108.5474972,20260417 11:58:35,11:57:50,0.000142016,0.327495001,0.008251719,199.9968667,200,132,0.283293708,,,,,,,
Evergreen,EF2,Forest,13,5,13_5,R,0.28,44.4,3.934,25.3805944,0.002538059,0.2755,0.0002755,113.842,54.522,59.32,108.5474972,20260417 11:59:32,11:58:35,0.000194861,0.118888587,0.010772287,499.9950968,500,133,0.11233586,,,,,,,
Evergreen,EF2,Forest,13,5,13_5,R,0.28,44.4,3.934,25.3805944,0.002538059,0.2755,0.0002755,113.842,54.522,59.32,108.5474972,20260417 12:00:22,11:59:32,0.000222996,0.150699037,0.011517385,999.9889677,1000,134,0.140369616,,,,,,,
Evergreen,EF2,Forest,13,5,13_5,R,0.28,44.4,3.934,25.3805944,0.002538059,0.2755,0.0002755,113.842,54.522,59.32,108.5474972,20260417 12:02:46,12:00:22,0.000242045,0.022668154,0.011707943,1499.98871,1500,135,0.022415049,,,,,,,
Evergreen,EF2,Forest,13,13,13_13,R,0.22,44.4,1.846,11.9096536,0.001190965,0.1187,0.0001187,112.7,50.14,62.56,99.66704657,20260417 12:03:34,12:02:46,0.0002176,0.155690484,0.011069438,200.0326333,200,136,0.144697987,,,,,,,
Evergreen,EF2,Forest,13,13,13_13,R,0.22,44.4,1.846,11.9096536,0.001190965,0.1187,0.0001187,112.7,50.14,62.56,99.66704657,20260417 12:04:29,12:03:34,0.000217642,0.253162466,0.010868214,499.9661935,500,137,0.225670329,,,,,,,
Evergreen,EF2,Forest,13,13,13_13,R,0.22,44.4,1.846,11.9096536,0.001190965,0.1187,0.0001187,112.7,50.14,62.56,99.66704657,20260417 12:05:14,12:04:29,0.000225392,0.213226763,0.010870065,999.9745484,1000,138,0.193283556,,,,,,,
Evergreen,EF2,Forest,13,13,13_13,R,0.22,44.4,1.846,11.9096536,0.001190965,0.1187,0.0001187,112.7,50.14,62.56,99.66704657,20260417 12:08:04,12:05:14,0.000245676,0.103143842,0.011391646,1499.98,1500,139,0.098164142,,,,,,,
Evergreen,EF2,Forest,13,15,13_15,R,0.25,44.4,2.635,16.999966,0.001699997,0.1625,0.0001625,120.744,57.135,63.609,95.58842647,20260417 12:08:55,12:08:04,0.00017521,0.047526259,0.008786276,199.9793548,200,140,0.046431441,,,,,,,
Evergreen,EF2,Forest,13,15,13_15,R,0.25,44.4,2.635,16.999966,0.001699997,0.1625,0.0001625,120.744,57.135,63.609,95.58842647,20260417 12:09:38,12:08:55,0.000187354,0.143363354,0.009232279,499.9421613,499.9,141,0.133974229,,,,,,,
Evergreen,EF2,Forest,13,15,13_15,R,0.25,44.4,2.635,16.999966,0.001699997,0.1625,0.0001625,120.744,57.135,63.609,95.58842647,20260417 12:10:21,12:09:38,0.000189092,0.193525111,0.009047152,999.9901613,1000,142,0.176911206,,,,,,,
Evergreen,EF2,Forest,13,15,13_15,R,0.25,44.4,2.635,16.999966,0.001699997,0.1625,0.0001625,120.744,57.135,63.609,95.58842647,20260417 12:14:15,12:10:21,0.000197107,0.06859208,0.009114958,1499.968065,1500,143,0.066341969,,,,,,,
Evergreen,EF2,Forest,14,7,14_7,R,0.28,39,3.041,19.6193156,0.001961932,0.2286,0.0002286,64.985,49.466,15.519,116.5178259,20260417 12:15:06,12:14:15,0.000106814,0.226412889,0.005465654,500.0026774,500,144,0.204093558,,,,,,,
Evergreen,EF2,Forest,14,7,14_7,R,0.28,39,3.041,19.6193156,0.001961932,0.2286,0.0002286,64.985,49.466,15.519,116.5178259,20260417 12:15:50,12:15:06,0.000130866,0.194507176,0.006399415,999.9396774,999.9,145,0.177733695,,,,,,,
Evergreen,EF2,Forest,14,7,14_7,R,0.28,39,3.041,19.6193156,0.001961932,0.2286,0.0002286,64.985,49.466,15.519,116.5178259,20260417 12:19:01,12:15:50,0.000151814,0.042673306,0.007129829,1499.967097,1500,146,0.041787902,,,,,,,
Evergreen,EF2,Forest,14,8,14_8,R,0.3,39,3.189,20.5741524,0.002057415,0.2458,0.0002458,55.011,40.578,14.433,119.4702922,20260417 12:19:46,12:19:01,0.00013208,0.672847896,0.00696234,200.0213,200,147,0.514527501,,,,,,,
Evergreen,EF2,Forest,14,8,14_8,R,0.3,39,3.189,20.5741524,0.002057415,0.2458,0.0002458,55.011,40.578,14.433,119.4702922,20260417 12:20:36,12:19:46,0.000206333,0.685435634,0.010651385,500.0660323,500.1,148,0.522024067,,,,,,,
Evergreen,EF2,Forest,14,8,14_8,R,0.3,39,3.189,20.5741524,0.002057415,0.2458,0.0002458,55.011,40.578,14.433,119.4702922,20260417 12:21:20,12:20:36,0.000250716,0.828792637,0.012211272,999.9932903,1000,149,0.603655988,,,,,,,
Evergreen,EF2,Forest,14,8,14_8,R,0.3,39,3.189,20.5741524,0.002057415,0.2458,0.0002458,55.011,40.578,14.433,119.4702922,20260417 12:23:57,12:21:20,0.000246223,0.79601142,0.011428819,1499.963548,1500,150,0.585568328,,,,,,,
Evergreen,EF2,Forest,14,15,14_15,R,0.21,39,1.07,6.903212,0.000690321,0.0833,0.0000833,63.82,53.388,10.432,120.6684656,20260417 12:24:47,12:23:57,0.00019197,0.829032477,0.009901624,200.0065,200,151,0.603787126,,,,,,,
Evergreen,EF2,Forest,14,15,14_15,R,0.21,39,1.07,6.903212,0.000690321,0.0833,0.0000833,63.82,53.388,10.432,120.6684656,20260417 12:25:33,12:24:47,0.000287402,0.956828252,0.014362039,499.980871,500,152,0.671324924,,,,,,,
Evergreen,EF2,Forest,14,15,14_15,R,0.21,39,1.07,6.903212,0.000690321,0.0833,0.0000833,63.82,53.388,10.432,120.6684656,20260417 12:26:23,12:25:33,0.000305339,1.272447321,0.014640988,999.9809677,1000,153,0.820857366,,,,,,,
Evergreen,EF2,Forest,14,15,14_15,R,0.21,39,1.07,6.903212,0.000690321,0.0833,0.0000833,63.82,53.388,10.432,120.6684656,20260417 12:29:07,12:26:23,0.000309895,1.205712728,0.014315387,1500.037419,1500,154,0.791050689,,,,,,,
Evergreen,EF2,Forest,15,5,15_5,G,0.23,37.5,2.308,14.8902928,0.001489029,0.1682,0.0001682,63.861,87.988,-24.127,112.959498,20260417 12:29:54,12:29:07,0.000725622,4.228463505,0.039878277,200.0026667,200,155,1.65411745,,,,,,,
Evergreen,EF2,Forest,15,5,15_5,G,0.23,37.5,2.308,14.8902928,0.001489029,0.1682,0.0001682,63.861,87.988,-24.127,112.959498,20260417 12:30:48,12:29:54,0.000854258,4.390213414,0.045692626,499.9970645,500,156,1.684584979,,,,,,,
Evergreen,EF2,Forest,15,5,15_5,G,0.23,37.5,2.308,14.8902928,0.001489029,0.1682,0.0001682,63.861,87.988,-24.127,112.959498,20260417 12:31:39,12:30:48,0.000914317,4.297799481,0.046495487,999.9624194,1000,157,1.667291542,,,,,,,
Evergreen,EF2,Forest,15,5,15_5,G,0.23,37.5,2.308,14.8902928,0.001489029,0.1682,0.0001682,63.861,87.988,-24.127,112.959498,20260417 12:33:34,12:31:39,0.000930855,4.137658748,0.045115483,1499.962903,1500,158,1.636597479,,,,,,,
Evergreen,EF2,Forest,15,10,15_10,G,0.2,37.5,1.971,12.7161036,0.00127161,0.138,0.000138,87.465,111.029,-23.564,108.5238091,20260417 12:34:23,12:33:34,0.000534501,2.353842513,0.028079697,200.0098387,200,159,1.210106707,,,,,,,
Evergreen,EF2,Forest,15,10,15_10,G,0.2,37.5,1.971,12.7161036,0.00127161,0.138,0.000138,87.465,111.029,-23.564,108.5238091,20260417 12:35:11,12:34:23,0.00060278,2.490260874,0.031162629,499.9910968,500,160,1.249976482,,,,,,,
Evergreen,EF2,Forest,15,10,15_10,G,0.2,37.5,1.971,12.7161036,0.00127161,0.138,0.000138,87.465,111.029,-23.564,108.5238091,20260417 12:36:07,12:35:11,0.000632956,2.605383809,0.03153192,999.9667419,1000,161,1.282428231,,,,,,,
Evergreen,EF2,Forest,15,10,15_10,G,0.2,37.5,1.971,12.7161036,0.00127161,0.138,0.000138,87.465,111.029,-23.564,108.5238091,20260417 12:37:55,12:36:07,0.000636098,2.531087803,0.03024422,1499.980645,1500,162,1.261605983,,,,,,,
Evergreen,EF2,Forest,15,13,15_13,G,0.21,37.5,1.448,9.3419168,0.000934192,0.0964,0.0000964,77.59,102.098,-24.508,103.1908141,20260417 12:38:41,12:37:55,0.000253089,1.138572465,0.013419395,200.0210667,200,163,0.760138534,,,,,,,
Evergreen,EF2,Forest,15,13,15_13,G,0.21,37.5,1.448,9.3419168,0.000934192,0.0964,0.0000964,77.59,102.098,-24.508,103.1908141,20260417 12:39:28,12:38:41,0.00028827,1.020906152,0.015117074,499.992,500,164,0.703546001,,,,,,,
Evergreen,EF2,Forest,15,13,15_13,G,0.21,37.5,1.448,9.3419168,0.000934192,0.0964,0.0000964,77.59,102.098,-24.508,103.1908141,20260417 12:40:16,12:39:28,0.000288654,0.930995013,0.014684953,999.9813871,1000,165,0.658035421,,,,,,,
Evergreen,EF2,Forest,16,13,15_13,G,0.21,37.5,1.448,9.3419168,0.000934192,0.0964,0.0000964,77.59,102.098,-24.508,103.1908141,20260417 13:04:52,12:40:16,0.000311933,1.096324401,0.015335724,1500.009677,1500,166,0.740185526,,,,,,,
Evergreen,EF3,Forest,16,8,16_8,G,0.18,42,2.591,16.7160956,0.00167161,0.1437,0.0001437,50.991,85.155,-34.164,85.96505036,20260417 13:05:42,13:04:52,0.000726799,4.882363247,0.046796264,200.0164839,200,167,1.771958594,,,,,,,
Evergreen,EF3,Forest,16,8,16_8,G,0.18,42,2.591,16.7160956,0.00167161,0.1437,0.0001437,50.991,85.155,-34.164,85.96505036,20260417 13:06:34,13:05:42,0.0009384,5.074171306,0.057882948,500.0478387,500,168,1.804045569,,,,,,,
Evergreen,EF3,Forest,16,8,16_8,G,0.18,42,2.591,16.7160956,0.00167161,0.1437,0.0001437,50.991,85.155,-34.164,85.96505036,20260417 13:07:36,13:06:34,0.001044614,5.230279778,0.060686448,999.9876452,1000,169,1.82942124,,,,,,,
Evergreen,EF3,Forest,16,8,16_8,G,0.18,42,2.591,16.7160956,0.00167161,0.1437,0.0001437,50.991,85.155,-34.164,85.96505036,20260417 13:10:29,13:07:36,0.001161383,5.128718711,0.063344966,1499.95871,1500,170,1.812985709,,,,,,,
Evergreen,EF3,Forest,16,6,16_6,G,0.17,42,3.059,19.7354444,0.001973544,0.1607,0.0001607,65.604,88.335,-22.731,81.42709976,20260417 13:11:22,13:10:29,0.000910983,4.963953553,0.054974209,199.9875667,200,171,1.785733609,,,,,,,
Evergreen,EF3,Forest,16,6,16_6,G,0.17,42,3.059,19.7354444,0.001973544,0.1607,0.0001607,65.604,88.335,-22.731,81.42709976,20260417 13:12:09,13:11:22,0.000999579,4.916139805,0.059353444,500.0032581,500,172,1.777684176,,,,,,,
Evergreen,EF3,Forest,16,6,16_6,G,0.17,42,3.059,19.7354444,0.001973544,0.1607,0.0001607,65.604,88.335,-22.731,81.42709976,20260417 13:12:56,13:12:09,0.001092534,5.426191774,0.06147714,999.9597419,1000,173,1.860382104,,,,,,,
Evergreen,EF3,Forest,16,6,16_6,G,0.17,42,3.059,19.7354444,0.001973544,0.1607,0.0001607,65.604,88.335,-22.731,81.42709976,20260417 13:15:04,13:12:56,0.001192579,5.143678059,0.062605456,1499.974516,1500,174,1.815423595,,,,,,,
Evergreen,EF3,Forest,16,9,16_9,G,0.23,42,2.501,16.1354516,0.001613545,0,0,56.985,84.729,-27.744,0,20260417 13:15:52,13:15:04,0.000986893,3.984354709,0.056247738,200.0132581,200,175,1.606303948,,,,,,,
Evergreen,EF3,Forest,16,9,16_9,G,0.23,42,2.501,16.1354516,0.001613545,0,0,56.985,84.729,-27.744,0,20260417 13:16:39,13:15:52,0.001073067,4.294336061,0.059641106,499.9593548,500,176,1.666637581,,,,,,,
Evergreen,EF3,Forest,16,9,16_9,G,0.23,42,2.501,16.1354516,0.001613545,0,0,56.985,84.729,-27.744,0,20260417 13:17:26,13:16:39,0.001111232,4.299804628,0.059210276,999.9828065,1000,177,1.667669957,,,,,,,
Evergreen,EF3,Forest,16,9,16_9,G,0.23,42,2.501,16.1354516,0.001613545,0,0,56.985,84.729,-27.744,0,20260417 13:21:12,13:17:26,0.001144741,4.533081576,0.058410372,1499.975484,1500,178,1.710744907,,,,,,,
Evergreen,EF3,Forest,17,3,17_3,G,0.23,50,1.82,11.741912,0.001174191,0,0,42.102,70.591,-28.489,0,20260417 13:21:59,13:21:12,0.000370635,1.951550623,0.020646014,200.0053333,200,179,1.082330667,,,,,,,
Evergreen,EF3,Forest,17,3,17_3,G,0.23,50,1.82,11.741912,0.001174191,0,0,42.102,70.591,-28.489,0,20260417 13:22:45,13:21:59,0.000492638,1.699768241,0.026478373,500.0487419,500,180,0.993165933,,,,,,,
Evergreen,EF3,Forest,17,3,17_3,G,0.23,50,1.82,11.741912,0.001174191,0,0,42.102,70.591,-28.489,0,20260417 13:23:32,13:22:45,0.000550544,1.826361144,0.028250306,1000.000774,1000,181,1.038990069,,,,,,,
Evergreen,EF3,Forest,17,3,17_3,G,0.23,50,1.82,11.741912,0.001174191,0,0,42.102,70.591,-28.489,0,20260417 13:25:59,13:23:32,0.00059544,2.004360788,0.029393925,1499.936129,1499.9,182,1.100064829,,,,,,,
Evergreen,EF3,Forest,17,14,17_14,G,0.21,50,2.757,17.7870612,0.001778706,0.1672,0.0001672,60.118,77.397,-17.279,94.00091343,20260417 13:26:51,13:25:59,0.000233958,1.251646103,0.013447836,200.0001667,200,183,0.81166155,,,,,,,
Evergreen,EF3,Forest,17,14,17_14,G,0.21,50,2.757,17.7870612,0.001778706,0.1672,0.0001672,60.118,77.397,-17.279,94.00091343,20260417 13:27:44,13:26:51,0.000315095,1.198532954,0.017913248,499.9808387,500,184,0.787790299,,,,,,,
Evergreen,EF3,Forest,17,14,17_14,G,0.21,50,2.757,17.7870612,0.001778706,0.1672,0.0001672,60.118,77.397,-17.279,94.00091343,20260417 13:28:30,13:27:44,0.000325894,1.272403746,0.017931814,999.9755484,1000,185,0.82083819,,,,,,,
Evergreen,EF3,Forest,17,14,17_14,G,0.21,50,2.757,17.7870612,0.001778706,0.1672,0.0001672,60.118,77.397,-17.279,94.00091343,20260417 13:31:15,13:28:30,0.000337972,1.255559469,0.017844219,1499.97,1500,186,0.813398044,,,,,,,
Evergreen,EF3,Forest,17,1,17_1,G,0.24,50,1.743,11.2451388,0.001124514,0.108,0.000108,73.467,96.979,-23.512,96.04150017,20260417 13:32:01,13:31:15,0.000338294,1.296707305,0.019090877,200.0131667,200,187,0.831476491,,,,,,,
Evergreen,EF3,Forest,17,1,17_1,G,0.24,50,1.743,11.2451388,0.001124514,0.108,0.000108,73.467,96.979,-23.512,96.04150017,20260417 13:32:51,13:32:01,0.000404033,1.266087227,0.021817037,499.9851935,500,188,0.818054656,,,,,,,
Evergreen,EF3,Forest,17,1,17_1,G,0.24,50,1.743,11.2451388,0.001124514,0.108,0.000108,73.467,96.979,-23.512,96.04150017,20260417 13:33:39,13:32:51,0.000407204,1.346152269,0.0208079,1000.026871,1000,189,0.852776654,,,,,,,
Evergreen,EF3,Forest,17,1,17_1,G,0.24,50,1.743,11.2451388,0.001124514,0.108,0.000108,73.467,96.979,-23.512,96.04150017,20260417 13:36:25,13:33:39,0.00042556,1.292928491,0.020470931,1499.993226,1500,190,0.829829818,,,,,,,
Evergreen,EF3,Forest,18,2,18_2,G,0.23,41,1.425,9.19353,0.000919353,0.0967,0.0000967,61.112,78.102,-16.99,105.1826665,20260417 13:37:15,13:36:25,0.000335568,2.734294019,0.019277632,200.0132258,200,191,1.317558783,,,,,,,
Evergreen,EF3,Forest,18,2,18_2,G,0.23,41,1.425,9.19353,0.000919353,0.0967,0.0000967,61.112,78.102,-16.99,105.1826665,20260417 13:38:03,13:37:15,0.000448011,2.684067015,0.025446307,500.0209677,500,192,1.304017309,,,,,,,
Evergreen,EF3,Forest,18,2,18_2,G,0.23,41,1.425,9.19353,0.000919353,0.0967,0.0000967,61.112,78.102,-16.99,105.1826665,20260417 13:38:50,13:38:03,0.000484185,2.801369799,0.026441114,999.985871,1000,193,1.335361475,,,,,,,
Evergreen,EF3,Forest,18,2,18_2,G,0.23,41,1.425,9.19353,0.000919353,0.0967,0.0000967,61.112,78.102,-16.99,105.1826665,20260417 13:41:40,13:38:50,0.000547753,2.688026517,0.028398137,1499.965806,1500,194,1.305091496,,,,,,,
Evergreen,EF3,Forest,18,8,18_8,G,0.23,41,3.817,24.6257572,0.002462576,0.2515,0.0002515,61.378,78.914,-17.536,102.1288393,20260417 13:42:30,13:41:40,0.000312536,1.809369349,0.018520756,200.0065667,200,195,1.032960027,,,,,,,
Evergreen,EF3,Forest,18,8,18_8,G,0.23,41,3.817,24.6257572,0.002462576,0.2515,0.0002515,61.378,78.914,-17.536,102.1288393,20260417 13:43:23,13:42:30,0.000400345,2.004839443,0.023599411,499.9268065,499.9,196,1.100224137,,,,,,,
Evergreen,EF3,Forest,18,8,18_8,G,0.23,41,3.817,24.6257572,0.002462576,0.2515,0.0002515,61.378,78.914,-17.536,102.1288393,20260417 13:44:13,13:43:23,0.000459233,2.061868662,0.025778288,999.968129,1000,197,1.119025403,,,,,,,
Evergreen,EF3,Forest,18,8,18_8,G,0.23,41,3.817,24.6257572,0.002462576,0.2515,0.0002515,61.378,78.914,-17.536,102.1288393,20260417 13:46:33,13:44:13,0.000485609,1.811908359,0.025962122,1499.961613,1500,198,1.033863384,,,,,,,
Evergreen,EF3,Forest,18,12,18_12,G,0.25,41,3.436,22.1676976,0.00221677,0.2117,0.0002117,71.409,92.804,-21.395,95.49931789,20260417 13:47:25,13:46:33,0.000204153,1.166316774,0.011902464,200.0056129,200,199,0.773028386,,,,,,,
Evergreen,EF3,Forest,18,12,18_12,G,0.25,41,3.436,22.1676976,0.00221677,0.2117,0.0002117,71.409,92.804,-21.395,95.49931789,20260417 13:48:11,13:47:25,0.000316695,1.429679892,0.017680257,499.980129,500,200,0.887759517,,,,,,,
Evergreen,EF3,Forest,18,12,18_12,G,0.25,41,3.436,22.1676976,0.00221677,0.2117,0.0002117,71.409,92.804,-21.395,95.49931789,20260417 13:49:07,13:48:11,0.000358304,1.466371987,0.018841187,999.9882903,1000,201,0.90274824,,,,,,,
Evergreen,EF3,Forest,18,12,18_12,G,0.25,41,3.436,22.1676976,0.00221677,0.2117,0.0002117,71.409,92.804,-21.395,95.49931789,20260420 10:24:53,13:49:07,0.000367088,1.374880642,0.018314158,1500.044839,1500,202,0.86494718,,,,,,,
McClane,MF1,Forest,19,3,19_3,G,,36.6,2.89,18.645124,0.001864512,0.1676,0.0001676,43.871,72.898,-29.027,89.88945314,20260420 10:25:40,10:24:53,0.001118,4.3746,0.097395,200.0263,200,203,1.681684153,,,,,,,
McClane,MF1,Forest,19,3,19_3,G,,36.6,2.89,18.645124,0.001864512,0.1676,0.0001676,43.871,72.898,-29.027,89.88945314,20260420 10:26:28,10:25:40,0.001167,4.69689,0.098127,500.0076,500,204,1.739920412,,,,,,,
McClane,MF1,Forest,19,3,19_3,G,,36.6,2.89,18.645124,0.001864512,0.1676,0.0001676,43.871,72.898,-29.027,89.88945314,20260420 10:27:15,10:26:28,0.001276,4.825628,0.099895,999.9802,1000,205,1.762266805,,,,,,,
McClane,MF1,Forest,19,3,19_3,G,,36.6,2.89,18.645124,0.001864512,0.1676,0.0001676,43.871,72.898,-29.027,89.88945314,20260420 10:29:38,10:27:15,0.001399,4.858963,0.101771,1499.967,1500,206,1.767972625,,,,,,,
McClane,MF1,Forest,19,4,19_4,G,,36.6,2.648,17.0838368,0.001708384,0.1559,0.0001559,46.212,75.374,-29.162,91.25584716,20260420 10:30:30,10:29:38,0.000857,1.423865,0.067611,200.0258,200,207,0.885363374,,,,,,,
McClane,MF1,Forest,19,4,19_4,G,,36.6,2.648,17.0838368,0.001708384,0.1559,0.0001559,46.212,75.374,-29.162,91.25584716,20260420 10:31:17,10:30:30,0.000829,1.537894,0.064278,499.9643,500,208,0.931334603,,,,,,,
McClane,MF1,Forest,19,4,19_4,G,,36.6,2.648,17.0838368,0.001708384,0.1559,0.0001559,46.212,75.374,-29.162,91.25584716,20260420 10:32:14,10:31:17,0.000869,1.891853,0.063421,999.9882,1000,209,1.061897473,,,,,,,
McClane,MF1,Forest,19,4,19_4,G,,36.6,2.648,17.0838368,0.001708384,0.1559,0.0001559,46.212,75.374,-29.162,91.25584716,20260420 10:34:09,10:32:14,0.000825,1.846921,0.05657,1499.965,1500,210,1.046238059,,,,,,,
McClane,MF1,Forest,19,14,19_14,G,,36.6,1.313,8.4709508,0.000847095,0.0755,0.0000755,48.445,79.406,-30.961,89.12812951,20260420 10:35:03,10:34:09,0.00046,0.948748,0.036113,200.017,200,211,0.667187115,,,,,,,
McClane,MF1,Forest,19,14,19_14,G,,36.6,1.313,8.4709508,0.000847095,0.0755,0.0000755,48.445,79.406,-30.961,89.12812951,20260420 10:35:57,10:35:03,0.000609,1.158317,0.046893,500.0165,500,212,0.769328751,,,,,,,
McClane,MF1,Forest,19,14,19_14,G,,36.6,1.313,8.4709508,0.000847095,0.0755,0.0000755,48.445,79.406,-30.961,89.12812951,20260420 10:36:47,10:35:57,0.000633,1.108996,0.046189,999.963,1000,213,0.746212005,,,,,,,
McClane,MF1,Forest,19,14,19_14,G,,36.6,1.313,8.4709508,0.000847095,0.0755,0.0000755,48.445,79.406,-30.961,89.12812951,20260420 10:43:09,10:36:47,0.000644,1.310645,0.044516,1499.957,1500,214,0.837526706,,,,,,,
McClane,MF1,Forest,20,3,20_3,G,,43.8,2.866,18.4902856,0.001849029,0.2066,0.0002066,40.362,63.766,-23.404,111.7343477,20260420 10:43:52,10:43:09,0.000533,0.076699,0.047663,200.003,200,215,0.073899879,,,,,,,
McClane,MF1,Forest,20,3,20_3,G,,43.8,2.866,18.4902856,0.001849029,0.2066,0.0002066,40.362,63.766,-23.404,111.7343477,20260420 10:45:22,10:43:52,0.000609,0.080629,0.053053,500.0109,500,216,0.077543279,,,,,,,
McClane,MF1,Forest,20,3,20_3,G,,43.8,2.866,18.4902856,0.001849029,0.2066,0.0002066,40.362,63.766,-23.404,111.7343477,20260420 10:47:12,10:45:22,0.000677,0.164679,0.05287,1499.968,1500,217,0.152445513,,,,,,,
McClane,MF1,Forest,20,12,20_12,G,,43.8,1.956,12.6193296,0.001261933,0.1387,0.0001387,49.247,72.263,-23.016,109.9107515,20260420 10:48:05,10:47:12,0.000651,1.687568,0.053233,200.0141,200,218,0.988636695,,,,,,,
McClane,MF1,Forest,20,12,20_12,G,,43.8,1.956,12.6193296,0.001261933,0.1387,0.0001387,49.247,72.263,-23.016,109.9107515,20260420 10:48:52,10:48:05,0.000721,1.605695,0.057956,499.9899,500,219,0.957699434,,,,,,,
McClane,MF1,Forest,20,12,20_12,G,,43.8,1.956,12.6193296,0.001261933,0.1387,0.0001387,49.247,72.263,-23.016,109.9107515,20260420 10:49:43,10:48:52,0.000796,1.994356,0.059865,999.9805,1000,220,1.096729183,,,,,,,
McClane,MF1,Forest,20,12,20_12,G,,43.8,1.956,12.6193296,0.001261933,0.1387,0.0001387,49.247,72.263,-23.016,109.9107515,20260420 10:51:38,10:49:43,0.000849,1.570792,0.058988,1499.971,1500,221,0.944214023,,,,,,,
McClane,MF1,Forest,20,11,20_11,G,,43.8,2.473,15.9548068,0.001595481,0.1686,0.0001686,52.08,75.947,-23.867,105.6734827,20260420 10:52:30,10:51:38,0.000631,1.410129,0.049795,200.0111,200,222,0.879680273,,,,,,,
McClane,MF1,Forest,20,11,20_11,G,,43.8,2.473,15.9548068,0.001595481,0.1686,0.0001686,52.08,75.947,-23.867,105.6734827,20260420 10:53:17,10:52:30,0.000601,1.493607,0.046323,500.0141,500,223,0.913730257,,,,,,,
McClane,MF1,Forest,20,11,20_11,G,,43.8,2.473,15.9548068,0.001595481,0.1686,0.0001686,52.08,75.947,-23.867,105.6734827,20260420 10:54:05,10:53:17,0.000536,1.913019,0.038888,999.9457,999.9,224,1.06919,,,,,,,
McClane,MF1,Forest,20,11,20_11,G,,43.8,2.473,15.9548068,0.001595481,0.1686,0.0001686,52.08,75.947,-23.867,105.6734827,20260420 10:58:45,10:54:05,0.00052,1.689848,0.03561,1499.961,1500,225,0.989484686,,,,,,,
McClane,MF1,Forest,21,5,21_5,G,,35,1.975,12.74191,0.001274191,0.129,0.000129,49.966,67.734,-17.768,101.2407088,20260420 10:59:35,10:58:45,0.000508,1.868115,0.046902,199.9671,200,226,1.05365502,,,,,,,
McClane,MF1,Forest,21,5,21_5,G,,35,1.975,12.74191,0.001274191,0.129,0.000129,49.966,67.734,-17.768,101.2407088,20260420 11:00:21,10:59:35,0.00078,1.879559,0.069174,500.0033,500,227,1.057637157,,,,,,,
McClane,MF1,Forest,21,5,21_5,G,,35,1.975,12.74191,0.001274191,0.129,0.000129,49.966,67.734,-17.768,101.2407088,20260420 11:01:09,11:00:21,0.000866,1.896345,0.07046,999.9721,1000,228,1.063449597,,,,,,,
McClane,MF1,Forest,21,5,21_5,G,,35,1.975,12.74191,0.001274191,0.129,0.000129,49.966,67.734,-17.768,101.2407088,20260420 11:03:59,11:01:09,0.000884,2.031263,0.066513,1499.971,1500,229,1.108979364,,,,,,,
McClane,MF1,Forest,21,7,21_7,G,,35,2.113,13.6322308,0.001363223,0.1369,0.0001369,49.238,69.571,-20.333,100.4237692,20260420 11:04:45,11:03:59,0.000631,0.857226,0.049558,199.9947,200,230,0.619083977,,,,,,,
McClane,MF1,Forest,21,7,21_7,G,,35,2.113,13.6322308,0.001363223,0.1369,0.0001369,49.238,69.571,-20.333,100.4237692,20260420 11:05:33,11:04:45,0.000687,1.095376,0.052876,499.9917,500,231,0.739733012,,,,,,,
McClane,MF1,Forest,21,7,21_7,G,,35,2.113,13.6322308,0.001363223,0.1369,0.0001369,49.238,69.571,-20.333,100.4237692,20260420 11:06:25,11:05:33,0.000689,1.44202,0.049953,999.982,1000,232,0.892825566,,,,,,,
McClane,MF1,Forest,21,7,21_7,G,,35,2.113,13.6322308,0.001363223,0.1369,0.0001369,49.238,69.571,-20.333,100.4237692,20260420 11:08:48,11:06:25,0.000699,1.399534,0.047413,1499.945,1499.9,233,0.875274552,,,,,,,
McClane,MF1,Forest,21,10,21_10,G,,35,1.531,9.8773996,0.00098774,0.097,0.000097,41.555,67.678,-26.123,98.20398478,20260420 11:09:42,11:08:48,0.00061,1.478796,0.046227,199.9789,200,234,0.907772958,,,,,,,
McClane,MF1,Forest,21,10,21_10,G,,35,1.531,9.8773996,0.00098774,0.097,0.000097,41.555,67.678,-26.123,98.20398478,20260420 11:10:58,11:09:42,0.000597,1.633073,0.044176,499.9385,499.9,235,0.968151605,,,,,,,
McClane,MF1,Forest,21,10,21_10,G,,35,1.531,9.8773996,0.00098774,0.097,0.000097,41.555,67.678,-26.123,98.20398478,20260420 11:11:44,11:10:58,0.000614,1.763002,0.043265,1000.003,1000,236,1.01631777,,,,,,,
McClane,MF1,Forest,21,10,21_10,G,,35,1.531,9.8773996,0.00098774,0.097,0.000097,41.555,67.678,-26.123,98.20398478,20260420 11:22:57,11:11:44,0.000625,1.656509,0.042393,1499.966,1500,237,0.977012855,,,,,,,
McClane,MF2,Forest,22,1,22_1,G,,30.4,1.979,12.7677164,0.001276772,0.103,0.000103,43.562,75.337,-31.775,80.67221794,20260420 11:23:46,11:22:57,0.000508,0.839227,0.043356,199.9963,200,238,0.609345375,,,,,,,
McClane,MF2,Forest,22,1,22_1,G,,30.4,1.979,12.7677164,0.001276772,0.103,0.000103,43.562,75.337,-31.775,80.67221794,20260420 11:24:32,11:23:46,0.000515,0.87774,0.041746,499.9704,500,239,0.630068926,,,,,,,
McClane,MF2,Forest,22,1,22_1,G,,30.4,1.979,12.7677164,0.001276772,0.103,0.000103,43.562,75.337,-31.775,80.67221794,20260420 11:25:21,11:24:32,0.000527,0.905948,0.039975,999.9792,1000,240,0.644979523,,,,,,,
McClane,MF2,Forest,22,1,22_1,G,,30.4,1.979,12.7677164,0.001276772,0.103,0.000103,43.562,75.337,-31.775,80.67221794,20260420 11:27:16,11:25:21,0.000566,1.122185,0.03981,1500.022,1500,241,0.752446218,,,,,,,
McClane,MF2,Forest,22,2,22_2,G,,30.4,1.702,10.9806232,0.001098062,0.129,0.000129,49.514,81.849,-32.335,117.4796709,20260420 11:28:07,11:27:16,0.000323,0.967751,0.025343,200.012,200,242,0.676891266,,,,,,,
McClane,MF2,Forest,22,2,22_2,G,,30.4,1.702,10.9806232,0.001098062,0.129,0.000129,49.514,81.849,-32.335,117.4796709,20260420 11:28:55,11:28:07,0.000431,0.898491,0.032965,500.0054,500,243,0.64105936,,,,,,,
McClane,MF2,Forest,22,2,22_2,G,,30.4,1.702,10.9806232,0.001098062,0.129,0.000129,49.514,81.849,-32.335,117.4796709,20260420 11:29:43,11:28:55,0.000471,0.899376,0.033948,999.9825,1000,244,0.641525411,,,,,,,
McClane,MF2,Forest,22,2,22_2,G,,30.4,1.702,10.9806232,0.001098062,0.129,0.000129,49.514,81.849,-32.335,117.4796709,20260420 11:31:50,11:29:43,0.000491,0.963509,0.033111,1499.94,1499.9,245,0.674733179,,,,,,,
McClane,MF2,Forest,22,6,22_6,G,,30.4,1.831,11.8128796,0.001181288,0.1008,0.0001008,48.495,82.089,-33.594,85.3305912,20260420 11:32:37,11:31:50,0.00065,2.791054,0.048897,200.0183,200,246,1.332644081,,,,,,,
McClane,MF2,Forest,22,6,22_6,G,,30.4,1.831,11.8128796,0.001181288,0.1008,0.0001008,48.495,82.089,-33.594,85.3305912,20260420 11:33:27,11:32:37,0.000669,2.644281,0.048865,499.9937,500,247,1.293159089,,,,,,,
McClane,MF2,Forest,22,6,22_6,G,,30.4,1.831,11.8128796,0.001181288,0.1008,0.0001008,48.495,82.089,-33.594,85.3305912,20260420 11:34:15,11:33:27,0.000715,2.714995,0.049015,999.9693,1000,248,1.312377332,,,,,,,
McClane,MF2,Forest,22,6,22_6,G,,30.4,1.831,11.8128796,0.001181288,0.1008,0.0001008,48.495,82.089,-33.594,85.3305912,20260420 11:40:11,11:34:15,0.000745,2.77883,0.047788,1499.96,1500,249,1.329414438,,,,,,,
McClane,MF2,Forest,23,1,23_1,G,,36,2.476,15.9741616,0.001597416,0.1363,0.0001363,51.738,84.33,-32.592,85.32529181,20260420 11:41:02,11:40:11,0.001008,3.884894,0.07421,200.001,200,250,1.586147586,,,,,,,
McClane,MF2,Forest,23,1,23_1,G,,36,2.476,15.9741616,0.001597416,0.1363,0.0001363,51.738,84.33,-32.592,85.32529181,20260420 11:41:51,11:41:02,0.001021,4.572052,0.072476,499.9902,500,251,1.717763388,,,,,,,
McClane,MF2,Forest,23,1,23_1,G,,36,2.476,15.9741616,0.001597416,0.1363,0.0001363,51.738,84.33,-32.592,85.32529181,20260420 11:42:42,11:41:51,0.001107,4.547824,0.074,999.9988,1000,252,1.713405779,,,,,,,
McClane,MF2,Forest,23,1,23_1,G,,36,2.476,15.9741616,0.001597416,0.1363,0.0001363,51.738,84.33,-32.592,85.32529181,20260420 11:44:27,11:42:42,0.001205,4.641126,0.07556,1500.027,1500,253,1.730083691,,,,,,,
McClane,MF2,Forest,23,2,23_2,G,,36,1.701,10.9741716,0.001097417,0.1274,0.0001274,49.358,81.347,-31.989,116.0907672,20260420 11:45:14,11:44:27,0.001126,4.883718,0.080313,199.9922,200,254,1.772188875,,,,,,,
McClane,MF2,Forest,23,2,23_2,G,,36,1.701,10.9741716,0.001097417,0.1274,0.0001274,49.358,81.347,-31.989,116.0907672,20260420 11:46:02,11:45:14,0.001157,5.484451,0.080171,499.9861,500,255,1.869407157,,,,,,,
McClane,MF2,Forest,23,2,23_2,G,,36,1.701,10.9741716,0.001097417,0.1274,0.0001274,49.358,81.347,-31.989,116.0907672,20260420 11:46:49,11:46:02,0.001238,5.574109,0.080874,999.9945,1000,256,1.883139056,,,,,,,
McClane,MF2,Forest,23,2,23_2,G,,36,1.701,10.9741716,0.001097417,0.1274,0.0001274,49.358,81.347,-31.989,116.0907672,20260420 11:49:04,11:46:49,0.001333,5.597418,0.081491,1499.954,1500,257,1.88667836,,,,,,,
McClane,MF2,Forest,23,6,23_6,G,,36,2.67,17.225772,0.001722577,0.1563,0.0001563,52.96,82.264,-29.304,90.73613653,20260420 11:49:54,11:49:04,0.001371,5.050852,0.099537,200.0131,200,258,1.800199089,,,,,,,
McClane,MF2,Forest,23,6,23_6,G,,36,2.67,17.225772,0.001722577,0.1563,0.0001563,52.96,82.264,-29.304,90.73613653,20260420 11:50:43,11:49:54,0.00149,5.846759,0.105106,500.0085,500,259,1.923775402,,,,,,,
McClane,MF2,Forest,23,6,23_6,G,,36,2.67,17.225772,0.001722577,0.1563,0.0001563,52.96,82.264,-29.304,90.73613653,20260420 11:51:30,11:50:43,0.001647,5.850561,0.109359,999.9469,999.9,260,1.924330547,,,,,,,
McClane,MF2,Forest,23,6,23_6,G,,36,2.67,17.225772,0.001722577,0.1563,0.0001563,52.96,82.264,-29.304,90.73613653,20260420 11:58:22,11:51:30,0.001781,6.208612,0.110715,1499.966,1500,261,1.975276422,,,,,,,
McClane,MF2,Forest,24,9,24_9,G,,34.4,1.883,12.1483628,0.001214836,0.0843,0.0000843,46.883,73.025,-26.142,69.39206656,20260420 11:59:13,11:58:22,0.00069,1.841368,0.050119,199.9999,200,262,1.044285626,,,,,,,
McClane,MF2,Forest,24,9,24_9,G,,34.4,1.883,12.1483628,0.001214836,0.0843,0.0000843,46.883,73.025,-26.142,69.39206656,20260420 12:00:04,11:59:13,0.000778,2.131253,0.05457,499.9996,500,263,1.141433244,,,,,,,
McClane,MF2,Forest,24,9,24_9,G,,34.4,1.883,12.1483628,0.001214836,0.0843,0.0000843,46.883,73.025,-26.142,69.39206656,20260420 12:00:51,12:00:04,0.000867,2.315241,0.056712,999.9743,1000,264,1.198530321,,,,,,,
McClane,MF2,Forest,24,9,24_9,G,,34.4,1.883,12.1483628,0.001214836,0.0843,0.0000843,46.883,73.025,-26.142,69.39206656,20260420 12:02:54,12:00:51,0.000937,2.437075,0.056932,1500.025,1500,265,1.234620819,,,,,,,
McClane,MF2,Forest,24,12,24_12,G,,34.4,1.24,7.999984,0.000799998,0.0568,0.0000568,52.504,89.258,-36.754,71.000142,20260420 12:03:42,12:02:54,0.001047,2.870706,0.071402,199.9867,200,266,1.353436919,,,,,,,
McClane,MF2,Forest,24,12,24_12,G,,34.4,1.24,7.999984,0.000799998,0.0568,0.0000568,52.504,89.258,-36.754,71.000142,20260420 12:04:29,12:03:42,0.001058,3.369345,0.069154,499.9884,500,267,1.474613112,,,,,,,
McClane,MF2,Forest,24,12,24_12,G,,34.4,1.24,7.999984,0.000799998,0.0568,0.0000568,52.504,89.258,-36.754,71.000142,20260420 12:05:23,12:04:29,0.001081,3.606129,0.066116,999.9744,1000,268,1.527387808,,,,,,,
McClane,MF2,Forest,24,12,24_12,G,,34.4,1.24,7.999984,0.000799998,0.0568,0.0000568,52.504,89.258,-36.754,71.000142,20260420 12:07:16,12:05:23,0.001106,3.749856,0.063191,1499.955,1500,269,1.558114302,,,,,,,
McClane,MF2,Forest,24,13,24_13,G,,34.4,1.131,7.2967596,0.000729676,0.064,0.000064,50.009,80.419,-30.41,87.71016658,20260420 12:08:02,12:07:16,0.00038,0.806252,0.024063,200.0243,200,270,0.59125398,,,,,,,
McClane,MF2,Forest,24,13,24_13,G,,34.4,1.131,7.2967596,0.000729676,0.064,0.000064,50.009,80.419,-30.41,87.71016658,20260420 12:08:47,12:08:02,0.00036,0.91878,0.022155,499.9953,500,271,0.651689567,,,,,,,
McClane,MF2,Forest,24,13,24_13,G,,34.4,1.131,7.2967596,0.000729676,0.064,0.000064,50.009,80.419,-30.41,87.71016658,20260420 12:09:42,12:08:47,0.000271,0.693429,0.01591,999.9624,1000,272,0.526755467,,,,,,,
McClane,MF2,Forest,24,13,24_13,G,,34.4,1.131,7.2967596,0.000729676,0.064,0.000064,50.009,80.419,-30.41,87.71016658,20260420 12:20:04,12:09:42,0.000159,0.953452,0.008922,1499.964,1500,273,0.669598064,,,,,,,
McClane,MF3,Forest,25,9,25_9,G,,40.6,2.724,17.5741584,0.001757416,0.2341,0.0002341,48.467,75.923,-27.456,133.2069478,20260420 12:21:01,12:20:04,0.000435,3.52841,0.035075,199.9986,200,274,1.510370885,,,,,,,
McClane,MF3,Forest,25,9,25_9,G,,40.6,2.724,17.5741584,0.001757416,0.2341,0.0002341,48.467,75.923,-27.456,133.2069478,20260420 12:22:00,12:21:01,0.000825,3.476923,0.063232,499.9821,500,275,1.49893598,,,,,,,
McClane,MF3,Forest,25,9,25_9,G,,40.6,2.724,17.5741584,0.001757416,0.2341,0.0002341,48.467,75.923,-27.456,133.2069478,20260420 12:22:48,12:22:00,0.000909,3.745689,0.064384,999.9726,1000,276,1.557236627,,,,,,,
McClane,MF3,Forest,25,9,25_9,G,,40.6,2.724,17.5741584,0.001757416,0.2341,0.0002341,48.467,75.923,-27.456,133.2069478,20260420 12:25:24,12:22:48,0.000971,3.903858,0.063895,1499.958,1500,277,1.590022242,,,,,,,
McClane,MF3,Forest,25,11,25_11,G,,40.6,1.511,9.7483676,0.000974837,0.1344,0.0001344,41.489,75.435,-33.946,137.8692367,20260420 12:26:12,12:25:24,0.000728,3.268297,0.050378,199.9899,200,278,1.451214919,,,,,,,
McClane,MF3,Forest,25,11,25_11,G,,40.6,1.511,9.7483676,0.000974837,0.1344,0.0001344,41.489,75.435,-33.946,137.8692367,20260420 12:26:59,12:26:12,0.000814,3.41922,0.054565,500.0205,500,279,1.48596321,,,,,,,
McClane,MF3,Forest,25,11,25_11,G,,40.6,1.511,9.7483676,0.000974837,0.1344,0.0001344,41.489,75.435,-33.946,137.8692367,20260420 12:27:48,12:26:59,0.000822,3.461682,0.051973,999.9799,1000,280,1.495525825,,,,,,,
McClane,MF3,Forest,25,11,25_11,G,,40.6,1.511,9.7483676,0.000974837,0.1344,0.0001344,41.489,75.435,-33.946,137.8692367,20260420 12:29:40,12:27:48,0.000825,3.58849,0.049605,1499.903,1499.9,281,1.523550994,,,,,,,
McClane,MF3,Forest,25,12,25_12,G,,40.6,1.882,12.1419112,0.001214191,0.1661,0.0001661,46.902,73.197,-26.295,136.7988921,20260420 12:30:36,12:29:40,0.000667,3.892046,0.045979,199.9822,200,282,1.587610621,,,,,,,
McClane,MF3,Forest,25,12,25_12,G,,40.6,1.882,12.1419112,0.001214191,0.1661,0.0001661,46.902,73.197,-26.295,136.7988921,20260420 12:31:26,12:30:36,0.000923,4.265634,0.062521,499.9904,500,283,1.661201556,,,,,,,
McClane,MF3,Forest,25,12,25_12,G,,40.6,1.882,12.1419112,0.001214191,0.1661,0.0001661,46.902,73.197,-26.295,136.7988921,20260420 12:32:18,12:31:26,0.000835,4.305223,0.053643,1000.007,1000,284,1.668691807,,,,,,,
McClane,MF3,Forest,25,12,25_12,G,,40.6,1.882,12.1419112,0.001214191,0.1661,0.0001661,46.902,73.197,-26.295,136.7988921,20260420 12:41:23,12:32:18,0.000902,4.165868,0.054835,1500.003,1500,285,1.642073143,,,,,,,
McClane,MF3,Forest,26,5,26_5,G,,45,4.028,25.9870448,0.002598704,0.332,0.000332,52.636,84.632,-31.996,127.7559655,20260420 12:42:12,12:41:23,0.000323,2.294994,0.024711,199.9886,200,286,1.192404347,,,,,,,
McClane,MF3,Forest,26,5,26_5,G,,45,4.028,25.9870448,0.002598704,0.332,0.000332,52.636,84.632,-31.996,127.7559655,20260420 12:43:02,12:42:12,0.0006,2.600608,0.043793,499.987,500,287,1.28110272,,,,,,,
McClane,MF3,Forest,26,5,26_5,G,,45,4.028,25.9870448,0.002598704,0.332,0.000332,52.636,84.632,-31.996,127.7559655,20260420 12:43:51,12:43:02,0.000769,2.506785,0.051954,999.9694,1000,288,1.254699663,,,,,,,
McClane,MF3,Forest,26,5,26_5,G,,45,4.028,25.9870448,0.002598704,0.332,0.000332,52.636,84.632,-31.996,127.7559655,20260420 12:46:06,12:43:51,0.000861,2.495308,0.05346,1499.953,1500,289,1.251421498,,,,,,,
McClane,MF3,Forest,26,9,26_9,G,,45,3.818,24.6322088,0.002463221,0.3204,0.0003204,60.471,88.444,-27.973,130.073597,20260420 12:46:59,12:46:06,0.000464,0.735434,0.031409,200.0004,200,290,0.551257526,,,,,,,
McClane,MF3,Forest,26,9,26_9,G,,45,3.818,24.6322088,0.002463221,0.3204,0.0003204,60.471,88.444,-27.973,130.073597,20260420 12:47:50,12:46:59,0.000556,0.808113,0.036607,499.9477,499.9,291,0.59228376,,,,,,,
McClane,MF3,Forest,26,9,26_9,G,,45,3.818,24.6322088,0.002463221,0.3204,0.0003204,60.471,88.444,-27.973,130.073597,20260420 12:48:39,12:47:50,0.000601,0.970849,0.037828,999.9956,1000,292,0.678464414,,,,,,,
McClane,MF3,Forest,26,9,26_9,G,,45,3.818,24.6322088,0.002463221,0.3204,0.0003204,60.471,88.444,-27.973,130.073597,20260420 12:50:16,12:48:39,0.000595,0.853317,0.035624,1499.96,1500,293,0.616977007,,,,,,,
McClane,MF3,Forest,26,14,26_14,G,,45,2.562,16.5289992,0.0016529,0.2086,0.0002086,56.362,85.755,-29.393,126.2024382,20260420 12:51:01,12:50:16,0.000417,0.477165,0.026309,200.0177,200,294,0.39012471,,,,,,,
McClane,MF3,Forest,26,14,26_14,G,,45,2.562,16.5289992,0.0016529,0.2086,0.0002086,56.362,85.755,-29.393,126.2024382,20260420 12:51:48,12:51:01,0.00036,0.583594,0.022167,499.995,500,295,0.459696947,,,,,,,
McClane,MF3,Forest,26,14,26_14,G,,45,2.562,16.5289992,0.0016529,0.2086,0.0002086,56.362,85.755,-29.393,126.2024382,20260420 12:52:46,12:51:48,0.000249,0.568744,0.01459,1000.001,1000,296,0.450275299,,,,,,,
McClane,MF3,Forest,26,14,26_14,G,,45,2.562,16.5289992,0.0016529,0.2086,0.0002086,56.362,85.755,-29.393,126.2024382,20260420 12:59:53,12:52:46,0.000131,0.479214,0.0074,1499.894,1499.9,297,0.391510866,,,,,,,
McClane,MF3,Forest,27,1,27_1,G,,35.4,1.009,6.5096644,0.000650966,0.0653,0.0000653,62.451,94.333,-31.882,100.3123909,20260420 13:00:46,12:59:53,0.000765,0.310881,0.062711,199.9805,200,298,0.27069943,,,,,,,
McClane,MF3,Forest,27,1,27_1,G,,35.4,1.009,6.5096644,0.000650966,0.0653,0.0000653,62.451,94.333,-31.882,100.3123909,20260420 13:01:32,13:00:46,0.000684,0.649576,0.05239,499.9703,500,299,0.500518285,,,,,,,
McClane,MF3,Forest,27,1,27_1,G,,35.4,1.009,6.5096644,0.000650966,0.0653,0.0000653,62.451,94.333,-31.882,100.3123909,20260420 13:02:20,13:01:32,0.000742,0.589241,0.051569,999.968,1000,300,0.463256544,,,,,,,
McClane,MF3,Forest,27,1,27_1,G,,35.4,1.009,6.5096644,0.000650966,0.0653,0.0000653,62.451,94.333,-31.882,100.3123909,20260420 13:04:26,13:02:20,0.000849,0.716214,0.053561,1499.975,1500,301,0.540120702,,,,,,,
McClane,MF3,Forest,27,2,27_2,G,,35.4,1.011,6.5225676,0.000652257,0.196,0.000196,57.401,90.44,-33.039,300.4951608,20260420 13:05:16,13:04:26,0.000601,0.305342,0.040414,200.0115,200,302,0.266465075,,,,,,,
McClane,MF3,Forest,27,2,27_2,G,,35.4,1.011,6.5225676,0.000652257,0.196,0.000196,57.401,90.44,-33.039,300.4951608,20260420 13:06:01,13:05:16,0.000636,0.525922,0.041168,499.9897,500,303,0.422598818,,,,,,,
McClane,MF3,Forest,27,2,27_2,G,,35.4,1.011,6.5225676,0.000652257,0.196,0.000196,57.401,90.44,-33.039,300.4951608,20260420 13:06:47,13:06:01,0.000697,0.596555,0.042175,999.8944,999.9,304,0.467848183,,,,,,,
McClane,MF3,Forest,27,2,27_2,G,,35.4,1.011,6.5225676,0.000652257,0.196,0.000196,57.401,90.44,-33.039,300.4951608,20260420 13:08:54,13:06:47,0.0007,0.488151,0.039362,1499.979,1500,305,0.39753441,,,,,,,
McClane,MF3,Forest,27,14,27_14,G,,35.4,1.002,6.4645032,0.00064645,0.0857,0.0000857,47.486,81.718,-34.232,132.5701254,20260420 13:09:43,13:08:54,0.000787,3.756815,0.049279,200.0285,200,306,1.559578327,,,,,,,
McClane,MF3,Forest,27,14,27_14,G,,35.4,1.002,6.4645032,0.00064645,0.0857,0.0000857,47.486,81.718,-34.232,132.5701254,20260420 13:10:49,13:09:43,0.000905,3.937863,0.054546,499.9903,500,307,1.596932647,,,,,,,
McClane,MF3,Forest,27,14,27_14,G,,35.4,1.002,6.4645032,0.00064645,0.0857,0.0000857,47.486,81.718,-34.232,132.5701254,20260420 13:11:39,13:10:49,0.000941,3.786925,0.053276,999.9783,1000,308,1.565888243,,,,,,,
McClane,MF3,Forest,27,14,27_14,G,,35.4,1.002,6.4645032,0.00064645,0.0857,0.0000857,47.486,81.718,-34.232,132.5701254,20260501 11:16:01,13:11:39,0.000971,3.796196,0.051932,1499.967,1500,309,1.567823104,,,,,,,
McClane,MO1,Open,30,6,30_6,R,0.13,26,1.29,8.322564,0.000832256,0.0904,0.0000904,102.57,72.425,30.145,108.6203723,20260501 11:16:55,11:16:01,0.000254,0.864041,0.014696,200.048,200,310,0.622746712,,,,,,,
McClane,MO1,Open,30,6,30_6,R,0.13,26,1.29,8.322564,0.000832256,0.0904,0.0000904,102.57,72.425,30.145,108.6203723,20260501 11:17:52,11:16:55,0.000368,0.656388,0.020275,499.9919,500,311,0.504639328,,,,,,,
McClane,MO1,Open,30,6,30_6,R,0.13,26,1.29,8.322564,0.000832256,0.0904,0.0000904,102.57,72.425,30.145,108.6203723,20260501 11:18:54,11:17:52,0.000157,0.748377,0.008037,999.9905,1000,312,0.558687929,,,,,,,
McClane,MO1,Open,30,6,30_6,R,0.13,26,1.29,8.322564,0.000832256,0.0904,0.0000904,102.57,72.425,30.145,108.6203723,20260501 11:20:59,11:18:54,0.000318,0.612068,0.015181,1499.992,1500,313,0.477517827,,,,,,,
McClane,MO1,Open,30,9,30_9,R,0.15,26,1.201,7.7483716,0.000774837,0.0824,0.0000824,102.58,56.205,46.375,106.3449254,20260501 11:21:44,11:20:59,0.000322,1.052756,0.016997,199.9922,200,314,0.719183281,,,,,,,
McClane,MO1,Open,30,9,30_9,R,0.15,26,1.201,7.7483716,0.000774837,0.0824,0.0000824,102.58,56.205,46.375,106.3449254,20260501 11:22:39,11:21:44,0.0004,1.045177,0.020456,499.9879,500,315,0.715484338,,,,,,,
McClane,MO1,Open,30,9,30_9,R,0.15,26,1.201,7.7483716,0.000774837,0.0824,0.0000824,102.58,56.205,46.375,106.3449254,20260501 11:23:27,11:22:39,0.000429,1.442891,0.02085,999.9856,1000,316,0.893182174,,,,,,,
McClane,MO1,Open,30,9,30_9,R,0.15,26,1.201,7.7483716,0.000774837,0.0824,0.0000824,102.58,56.205,46.375,106.3449254,20260501 11:25:39,11:23:27,0.000462,1.218216,0.021293,1499.983,1500,317,0.796703269,,,,,,,
McClane,MO1,Open,30,10,30_10,R,0.13,26,1.008,6.5032128,0.000650321,0.0648,0.0000648,111.151,57.3,53.851,99.64305643,20260501 11:26:34,11:25:39,0.000328,1.517882,0.016162,199.9973,200,318,0.923418072,,,,,,,
McClane,MO1,Open,30,10,30_10,R,0.13,26,1.008,6.5032128,0.000650321,0.0648,0.0000648,111.151,57.3,53.851,99.64305643,20260501 11:27:43,11:26:34,0.000646,1.925459,0.030659,499.988,500,319,1.073451391,,,,,,,
McClane,MO1,Open,30,10,30_10,R,0.13,26,1.008,6.5032128,0.000650321,0.0648,0.0000648,111.151,57.3,53.851,99.64305643,20260501 11:28:31,11:27:43,0.000525,2.126945,0.02356,999.9999,1000,320,1.14005649,,,,,,,
McClane,MO1,Open,30,10,30_10,R,0.13,26,1.008,6.5032128,0.000650321,0.0648,0.0000648,111.151,57.3,53.851,99.64305643,20260501 11:33:12,11:28:31,0.000614,2.073432,0.026182,1499.971,1500,321,1.122794853,,,,,,,
McClane,MO1,Open,31,2,31_2,G,0.21,23.2,0.652,4.2064432,0.000420644,0.1078,0.0001078,58.425,77.497,-19.072,256.2735187,20260501 11:34:18,11:33:12,0.0003,1.707369,0.014658,199.9922,200,322,0.995977315,,,,,,,
McClane,MO1,Open,31,2,31_2,G,0.21,23.2,0.652,4.2064432,0.000420644,0.1078,0.0001078,58.425,77.497,-19.072,256.2735187,20260501 11:35:17,11:34:18,0.000407,1.499297,0.019704,499.997,500,323,0.916009492,,,,,,,
McClane,MO1,Open,31,2,31_2,G,0.21,23.2,0.652,4.2064432,0.000420644,0.1078,0.0001078,58.425,77.497,-19.072,256.2735187,20260501 11:36:13,11:35:17,0.000377,1.626437,0.017657,1000.007,1000,324,0.965628175,,,,,,,
McClane,MO1,Open,31,2,31_2,G,0.21,23.2,0.652,4.2064432,0.000420644,0.1078,0.0001078,58.425,77.497,-19.072,256.2735187,20260501 11:39:04,11:36:13,0.000401,1.534186,0.018108,1499.992,1500,325,0.929872481,,,,,,,
McClane,MO1,Open,31,5,31_5,R,0.22,23.2,0.963,6.2128908,0.000621289,0.1063,0.0001063,94.838,56.478,38.36,171.095877,20260501 11:39:54,11:39:04,0.000402,0.818911,0.020941,199.9911,200,326,0.59823797,,,,,,,
McClane,MO1,Open,31,5,31_5,R,0.22,23.2,0.963,6.2128908,0.000621289,0.1063,0.0001063,94.838,56.478,38.36,171.095877,20260501 11:40:44,11:39:54,0.000286,0.930304,0.014485,499.9851,500,327,0.657677503,,,,,,,
McClane,MO1,Open,31,5,31_5,R,0.22,23.2,0.963,6.2128908,0.000621289,0.1063,0.0001063,94.838,56.478,38.36,171.095877,20260501 11:41:30,11:40:44,0.000219,0.992963,0.010533,999.9829,1000,328,0.689622476,,,,,,,
McClane,MO1,Open,31,5,31_5,R,0.22,23.2,0.963,6.2128908,0.000621289,0.1063,0.0001063,94.838,56.478,38.36,171.095877,20260501 11:44:27,11:41:30,-1.30E-05,0.913984,-0.00059,1499.979,1500,329,0.649186934,,,,,,,
McClane,MO1,Open,31,6,31_6,R,0.24,23.2,1.169,7.5419204,0.000754192,0.1263,0.0001263,86.774,50.156,36.618,167.4639791,20260501 11:45:20,11:44:27,0.000487,0.578989,0.024827,199.9905,200,330,0.456784769,,,,,,,
McClane,MO1,Open,31,6,31_6,R,0.24,23.2,1.169,7.5419204,0.000754192,0.1263,0.0001263,86.774,50.156,36.618,167.4639791,20260501 11:46:12,11:45:20,0.000196,0.870226,0.009589,500.0028,500,331,0.626059279,,,,,,,
McClane,MO1,Open,31,6,31_6,R,0.24,23.2,1.169,7.5419204,0.000754192,0.1263,0.0001263,86.774,50.156,36.618,167.4639791,20260501 11:46:57,11:46:12,0.000261,0.727949,0.012233,999.9943,1000,332,0.546935156,,,,,,,
McClane,MO1,Open,31,6,31_6,R,0.24,23.2,1.169,7.5419204,0.000754192,0.1263,0.0001263,86.774,50.156,36.618,167.4639791,20260501 11:50:31,11:46:57,-0.00013,0.829346,-0.00555,1499.98,1500,333,0.603958526,,,,,,,
McClane,MO1,Open,32,2,32_2,R,0.21,30.3,0.968,6.2451488,0.000624515,0.0773,0.0000773,87.388,83.956,3.432,123.776074,20260501 11:51:23,11:50:31,0.001326,4.448364,0.067043,199.9779,200,334,1.69531538,,,,,,,
McClane,MO1,Open,32,2,32_2,R,0.21,30.3,0.968,6.2451488,0.000624515,0.0773,0.0000773,87.388,83.956,3.432,123.776074,20260501 11:52:23,11:51:23,0.001372,8.075197,0.067683,500.0105,500,335,2.205545088,,,,,,,
McClane,MO1,Open,32,2,32_2,R,0.21,30.3,0.968,6.2451488,0.000624515,0.0773,0.0000773,87.388,83.956,3.432,123.776074,20260501 11:53:16,11:52:23,0.001554,9.018512,0.073554,999.9949,1000,336,2.304434582,,,,,,,
McClane,MO1,Open,32,2,32_2,R,0.21,30.3,0.968,6.2451488,0.000624515,0.0773,0.0000773,87.388,83.956,3.432,123.776074,20260501 11:57:08,11:53:16,0.001654,8.761798,0.074588,1499.988,1500,337,2.278476605,,,,,,,
McClane,MO1,Open,32,10,32_10,G,0.32,30.3,1.427,9.2064332,0.000920643,0.2022,0.0002022,65.303,70.973,-5.67,219.6290307,20260501 11:57:55,11:57:08,0.00092,1.978946,0.047717,199.9901,200,338,1.091569547,,,,,,,
McClane,MO1,Open,32,10,32_10,G,0.32,30.3,1.427,9.2064332,0.000920643,0.2022,0.0002022,65.303,70.973,-5.67,219.6290307,20260501 11:58:42,11:57:55,0.000756,2.603353,0.038381,499.9806,500,339,1.281864801,,,,,,,
McClane,MO1,Open,32,10,32_10,G,0.32,30.3,1.427,9.2064332,0.000920643,0.2022,0.0002022,65.303,70.973,-5.67,219.6290307,20260501 11:59:49,11:58:42,0.000735,3.22079,0.036056,999.9938,1000,340,1.440022314,,,,,,,
McClane,MO1,Open,32,10,32_10,G,0.32,30.3,1.427,9.2064332,0.000920643,0.2022,0.0002022,65.303,70.973,-5.67,219.6290307,20260501 12:01:23,11:59:49,0.000515,3.512358,0.02444,1499.983,1500,341,1.506819855,,,,,,,
McClane,MO1,Open,32,8,32_8,G,0.29,30.3,1.36,8.774176,0.000877418,0.1753,0.0001753,69.391,83.637,-14.246,199.7908408,20260501 12:02:12,12:01:23,0.001956,6.09436,0.10498,200.0127,200,342,1.959300102,,,,,,,
McClane,MO1,Open,32,8,32_8,G,0.29,30.3,1.36,8.774176,0.000877418,0.1753,0.0001753,69.391,83.637,-14.246,199.7908408,20260501 12:03:07,12:02:12,0.001867,7.851865,0.096467,500.0018,500,343,2.180628171,,,,,,,
McClane,MO1,Open,32,8,32_8,G,0.29,30.3,1.36,8.774176,0.000877418,0.1753,0.0001753,69.391,83.637,-14.246,199.7908408,20260501 12:04:07,12:03:07,0.001961,8.964263,0.096311,1000.002,1000,344,2.299004992,,,,,,,
McClane,MO1,Open,32,8,32_8,G,0.29,30.3,1.36,8.774176,0.000877418,0.1753,0.0001753,69.391,83.637,-14.246,199.7908408,20260501 12:11:07,12:04:07,0.002038,9.229089,0.095249,1499.987,1500,345,2.325235524,,,,,,,
McClane,MO2,Open,33,4,33_4,R,0.28,27,1.509,9.7354644,0.000973546,0.1718,0.0001718,87.98,67.049,20.931,176.4682124,20260501 12:11:56,12:11:07,0.001415,3.277428,0.08507,200.002,200,346,1.453351894,,,,,,,
McClane,MO2,Open,33,4,33_4,R,0.28,27,1.509,9.7354644,0.000973546,0.1718,0.0001718,87.98,67.049,20.931,176.4682124,20260501 12:12:43,12:11:56,0.001282,3.9207,0.074904,499.9915,500,347,1.593450797,,,,,,,
McClane,MO2,Open,33,4,33_4,R,0.28,27,1.509,9.7354644,0.000973546,0.1718,0.0001718,87.98,67.049,20.931,176.4682124,20260501 12:13:33,12:12:43,0.001317,4.292595,0.074555,1000.002,1000,348,1.666308674,,,,,,,
McClane,MO2,Open,33,4,33_4,R,0.28,27,1.509,9.7354644,0.000973546,0.1718,0.0001718,87.98,67.049,20.931,176.4682124,20260501 12:15:33,12:13:33,0.001374,4.20153,0.075043,1499.963,1500,349,1.648952813,,,,,,,
McClane,MO2,Open,33,7,33_7,R,0.26,27,1.32,8.516112,0.000851611,0.1589,0.0001589,93.202,66.129,27.073,186.5874944,20260501 12:16:20,12:15:33,0.000992,2.910681,0.05936,200.0095,200,350,1.363711528,,,,,,,
McClane,MO2,Open,33,7,33_7,R,0.26,27,1.32,8.516112,0.000851611,0.1589,0.0001589,93.202,66.129,27.073,186.5874944,20260501 12:17:07,12:16:20,0.000824,3.28821,0.047538,499.9764,500,351,1.455869396,,,,,,,
McClane,MO2,Open,33,7,33_7,R,0.26,27,1.32,8.516112,0.000851611,0.1589,0.0001589,93.202,66.129,27.073,186.5874944,20260501 12:17:58,12:17:07,0.000812,3.494542,0.044403,999.9767,1000,352,1.502863772,,,,,,,
McClane,MO2,Open,33,7,33_7,R,0.26,27,1.32,8.516112,0.000851611,0.1589,0.0001589,93.202,66.129,27.073,186.5874944,20260501 12:19:56,12:17:58,0.00073,3.331197,0.037738,1500.063,1500.1,353,1.465843947,,,,,,,
McClane,MO2,Open,33,9,33_9,R,0.29,27,1.477,9.5290132,0.000952901,0.1432,0.0001432,80.589,43.744,36.845,150.2778903,20260501 12:20:47,12:19:56,0.001137,3.031811,0.067959,200.0027,200,354,1.394215655,,,,,,,
McClane,MO2,Open,33,9,33_9,R,0.29,27,1.477,9.5290132,0.000952901,0.1432,0.0001432,80.589,43.744,36.845,150.2778903,20260501 12:21:36,12:20:47,0.000907,3.458165,0.051926,499.9578,500,355,1.494737246,,,,,,,
McClane,MO2,Open,33,9,33_9,R,0.29,27,1.477,9.5290132,0.000952901,0.1432,0.0001432,80.589,43.744,36.845,150.2778903,20260501 12:22:31,12:21:36,0.000992,3.601055,0.053962,999.9569,1000,356,1.526285625,,,,,,,
McClane,MO2,Open,33,9,33_9,R,0.29,27,1.477,9.5290132,0.000952901,0.1432,0.0001432,80.589,43.744,36.845,150.2778903,20260501 12:26:56,12:22:31,0.000922,3.584699,0.047559,1499.982,1500,357,1.522724455,,,,,,,
McClane,MO2,Open,34,4,34_4,R,0.25,19,1.584,10.2193344,0.001021933,0.1647,0.0001647,90.249,51.195,39.054,161.1650951,20260501 12:27:48,12:26:56,0.001514,3.749178,0.094048,199.9944,200,358,1.55797155,,,,,,,
McClane,MO2,Open,34,4,34_4,R,0.25,19,1.584,10.2193344,0.001021933,0.1647,0.0001647,90.249,51.195,39.054,161.1650951,20260501 12:28:38,12:27:48,0.001469,4.401486,0.088427,499.9635,500,359,1.686674101,,,,,,,
McClane,MO2,Open,34,4,34_4,R,0.25,19,1.584,10.2193344,0.001021933,0.1647,0.0001647,90.249,51.195,39.054,161.1650951,20260501 12:29:31,12:28:38,0.001343,4.33941,0.077254,999.9775,1000,360,1.67511516,,,,,,,
McClane,MO2,Open,34,4,34_4,R,0.25,19,1.584,10.2193344,0.001021933,0.1647,0.0001647,90.249,51.195,39.054,161.1650951,20260501 12:31:39,12:29:31,0.001394,4.790608,0.077772,1499.96,1500,361,1.756237295,,,,,,,
McClane,MO2,Open,34,8,34_8,R,0.27,19,0.736,4.7483776,0.000474838,0.0943,0.0000943,77.732,56.813,20.919,198.5941472,20260501 12:32:34,12:31:39,0.001318,3.54282,0.080817,200.0225,200,362,1.513547965,,,,,,,
McClane,MO2,Open,34,8,34_8,R,0.27,19,0.736,4.7483776,0.000474838,0.0943,0.0000943,77.732,56.813,20.919,198.5941472,20260501 12:33:21,12:32:34,0.001155,3.674937,0.068607,499.9896,500,363,1.542215687,,,,,,,
McClane,MO2,Open,34,8,34_8,R,0.27,19,0.736,4.7483776,0.000474838,0.0943,0.0000943,77.732,56.813,20.919,198.5941472,20260501 12:34:19,12:33:21,0.001106,4.06912,0.062765,999.9886,1000,364,1.623167233,,,,,,,
McClane,MO2,Open,34,8,34_8,R,0.27,19,0.736,4.7483776,0.000474838,0.0943,0.0000943,77.732,56.813,20.919,198.5941472,20260501 12:36:14,12:34:19,0.001113,3.678825,0.060124,1499.947,1499.9,365,1.54304701,,,,,,,
McClane,MO2,Open,34,9,34_9,R,0.26,19,1.635,10.548366,0.001054837,0.2075,0.0002075,88.138,55.735,32.403,196.7129317,20260501 12:37:06,12:36:14,0.00139,3.182655,0.087228,199.9928,200,366,1.430946212,,,,,,,
McClane,MO2,Open,34,9,34_9,R,0.26,19,1.635,10.548366,0.001054837,0.2075,0.0002075,88.138,55.735,32.403,196.7129317,20260501 12:38:08,12:37:06,0.00124,3.971362,0.075737,499.972,500,367,1.603693847,,,,,,,
McClane,MO2,Open,34,9,34_9,R,0.26,19,1.635,10.548366,0.001054837,0.2075,0.0002075,88.138,55.735,32.403,196.7129317,20260501 12:38:58,12:38:08,0.001291,4.236032,0.075786,1000.005,1000,368,1.65556396,,,,,,,
McClane,MO2,Open,34,9,34_9,R,0.26,19,1.635,10.548366,0.001054837,0.2075,0.0002075,88.138,55.735,32.403,196.7129317,20260501 12:41:44,12:38:58,0.00127,4.030326,0.07171,1499.994,1500,369,1.615484793,,,,,,,
McClane,MO2,Open,35,7,35_7,G,0.24,28.2,1.478,9.5354648,0.000953546,0.1431,0.0001431,80.646,95.734,-15.088,150.0713421,20260501 12:42:38,12:41:44,0.001831,6.877804,0.114031,199.9896,200,370,2.064049185,,,,,,,
McClane,MO2,Open,35,7,35_7,G,0.24,28.2,1.478,9.5354648,0.000953546,0.1431,0.0001431,80.646,95.734,-15.088,150.0713421,20260501 12:43:25,12:42:38,0.00208,7.723891,0.124427,500.009,500,371,2.166065354,,,,,,,
McClane,MO2,Open,35,7,35_7,G,0.24,28.2,1.478,9.5354648,0.000953546,0.1431,0.0001431,80.646,95.734,-15.088,150.0713421,20260501 12:44:18,12:43:25,0.00194,8.772066,0.108395,999.9682,1000,372,2.279527907,,,,,,,
McClane,MO2,Open,35,7,35_7,G,0.24,28.2,1.478,9.5354648,0.000953546,0.1431,0.0001431,80.646,95.734,-15.088,150.0713421,20260501 12:49:32,12:44:18,0.00214,8.708151,0.114012,1499.988,1500,373,2.272965842,,,,,,,
McClane,MO2,Open,35,8,35_8,G,0.25,28.2,1.396,9.0064336,0.000900643,0.1463,0.0001463,67.767,86.556,-18.789,162.4394366,20260501 12:50:27,12:49:32,0.002624,7.631517,0.153928,199.9846,200,374,2.155420272,,,,,,,
McClane,MO2,Open,35,8,35_8,G,0.25,28.2,1.396,9.0064336,0.000900643,0.1463,0.0001463,67.767,86.556,-18.789,162.4394366,20260501 12:51:22,12:50:27,0.002791,9.997106,0.156394,500.0161,500,375,2.397632147,,,,,,,
McClane,MO2,Open,35,8,35_8,G,0.25,28.2,1.396,9.0064336,0.000900643,0.1463,0.0001463,67.767,86.556,-18.789,162.4394366,20260501 12:52:11,12:51:22,0.00276,10.8472,0.144253,999.9916,1000,376,2.472091553,,,,,,,
McClane,MO2,Open,35,8,35_8,G,0.25,28.2,1.396,9.0064336,0.000900643,0.1463,0.0001463,67.767,86.556,-18.789,162.4394366,20260501 12:54:13,12:52:11,0.002797,11.06991,0.138023,1499.999,1500,377,2.490715579,,,,,,,
McClane,MO2,Open,35,10,35_10,G,0.29,28.2,1.111,7.1677276,0.000716773,0.1239,0.0001239,69.787,86.171,-16.384,172.8581315,20260501 12:55:06,12:54:13,0.002852,7.137416,0.159833,200.0043,200,378,2.096472685,,,,,,,
McClane,MO2,Open,35,10,35_10,G,0.29,28.2,1.111,7.1677276,0.000716773,0.1239,0.0001239,69.787,86.171,-16.384,172.8581315,20260501 12:55:55,12:55:06,0.002804,9.830549,0.148955,499.9936,500,379,2.382370752,,,,,,,
McClane,MO2,Open,35,10,35_10,G,0.29,28.2,1.111,7.1677276,0.000716773,0.1239,0.0001239,69.787,86.171,-16.384,172.8581315,20260501 12:56:43,12:55:55,0.002927,10.7485,0.147691,999.9976,1000,380,2.463725573,,,,,,,
McClane,MO2,Open,35,10,35_10,G,0.29,28.2,1.111,7.1677276,0.000716773,0.1239,0.0001239,69.787,86.171,-16.384,172.8581315,20260501 13:03:35,12:56:43,0.002955,10.95503,0.141009,1499.994,1500,381,2.48115211,,,,,,,
McClane,MO3,Open,36,10,36_10,R,0.24,35.1,1.686,10.8773976,0.00108774,0.2078,0.0002078,61.849,53.301,8.548,191.0383417,20260501 13:04:34,13:03:35,0.00071,3.390556,0.033919,200.0416,200,382,1.479455871,,,,,,,
McClane,MO3,Open,36,10,36_10,R,0.24,35.1,1.686,10.8773976,0.00108774,0.2078,0.0002078,61.849,53.301,8.548,191.0383417,20260501 13:05:40,13:04:34,0.000856,4.330493,0.039019,499.9862,500,383,1.673443729,,,,,,,
McClane,MO3,Open,36,10,36_10,R,0.24,35.1,1.686,10.8773976,0.00108774,0.2078,0.0002078,61.849,53.301,8.548,191.0383417,20260501 13:06:46,13:05:40,0.000697,4.556374,0.030032,1000.009,1000,384,1.714945737,,,,,,,
McClane,MO3,Open,36,10,36_10,R,0.24,35.1,1.686,10.8773976,0.00108774,0.2078,0.0002078,61.849,53.301,8.548,191.0383417,20260501 13:08:56,13:06:46,0.000294,4.333918,0.012023,1499.968,1500,385,1.674086053,,,,,,,
McClane,MO3,Open,36,11,36_11,R,0.25,35.1,1.725,11.12901,0.001112901,0.2006,0.0002006,65.417,48.306,17.111,180.2496359,20260501 13:09:41,13:08:56,7.50E-05,1.906997,0.003164,200.0016,200,386,1.06712059,,,,,,,
McClane,MO3,Open,36,11,36_11,R,0.25,35.1,1.725,11.12901,0.001112901,0.2006,0.0002006,65.417,48.306,17.111,180.2496359,20260501 13:10:31,13:09:41,0.000133,2.502028,0.00533,500.0023,500,387,1.253342229,,,,,,,
McClane,MO3,Open,36,11,36_11,R,0.25,35.1,1.725,11.12901,0.001112901,0.2006,0.0002006,65.417,48.306,17.111,180.2496359,20260501 13:11:19,13:10:31,-0.00042,2.743963,-0.01548,999.9965,1000,388,1.320144676,,,,,,,
McClane,MO3,Open,36,11,36_11,R,0.25,35.1,1.725,11.12901,0.001112901,0.2006,0.0002006,65.417,48.306,17.111,180.2496359,20260501 13:22:33,13:11:19,-0.00034,2.52436,-0.01193,1500.004,1500,389,1.259698859,,,,,,,
McClane,MO3,Open,36,12,36_12,R,0.25,35.1,0.926,5.9741816,0.000597418,0.2009,0.0002009,59.767,46.687,13.08,336.2803702,20260501 13:23:25,13:22:33,0.000341,0.572688,0.013188,199.9778,200,390,0.452786257,,,,,,,
McClane,MO3,Open,36,12,36_12,R,0.25,35.1,0.926,5.9741816,0.000597418,0.2009,0.0002009,59.767,46.687,13.08,336.2803702,20260501 13:24:18,13:23:25,0.00036,0.993772,0.014778,499.9987,500,391,0.690028322,,,,,,,
McClane,MO3,Open,36,12,36_12,R,0.25,35.1,0.926,5.9741816,0.000597418,0.2009,0.0002009,59.767,46.687,13.08,336.2803702,20260501 13:25:17,13:24:18,-6.60E-05,1.02298,-0.00273,999.9901,1000,392,0.704571672,,,,,,,
McClane,MO3,Open,36,12,36_12,R,0.25,35.1,0.926,5.9741816,0.000597418,0.2009,0.0002009,59.767,46.687,13.08,336.2803702,20260501 13:28:43,13:25:17,-0.00026,1.072611,-0.01078,1499.984,1500,393,0.728809165,,,,,,,
McClane,MO3,Open,37,2,37_2,G,0.22,23.7,1.558,10.0515928,0.001005159,0.1105,0.0001105,79.352,80.112,-0.76,109.9328258,20260501 13:29:57,13:28:43,0.001216,6.488205,0.061854,199.9984,200,394,2.013329116,,,,,,,
McClane,MO3,Open,37,2,37_2,G,0.22,23.7,1.558,10.0515928,0.001005159,0.1105,0.0001105,79.352,80.112,-0.76,109.9328258,20260501 13:31:04,13:29:57,0.000797,7.791154,0.039829,499.9902,500,395,2.173745989,,,,,,,
McClane,MO3,Open,37,2,37_2,G,0.22,23.7,1.558,10.0515928,0.001005159,0.1105,0.0001105,79.352,80.112,-0.76,109.9328258,20260501 13:31:55,13:31:04,0.000769,7.856894,0.037015,999.9859,1000,396,2.181196139,,,,,,,
McClane,MO3,Open,37,2,37_2,G,0.22,23.7,1.558,10.0515928,0.001005159,0.1105,0.0001105,79.352,80.112,-0.76,109.9328258,20260501 13:34:41,13:31:55,0.0007,7.783827,0.032518,1499.986,1500,397,2.17291219,,,,,,,
McClane,MO3,Open,37,7,37_7,G,0.23,23.7,1.507,9.7225612,0.000972256,0.195,0.000195,64.78,84.417,-19.637,200.5644356,20260501 13:35:31,13:34:41,0.001357,4.578227,0.072567,200.0087,200,398,1.718870984,,,,,,,
McClane,MO3,Open,37,7,37_7,G,0.23,23.7,1.507,9.7225612,0.000972256,0.195,0.000195,64.78,84.417,-19.637,200.5644356,20260501 13:36:26,13:35:31,0.001139,8.084109,0.059957,500.0109,500,399,2.206526623,,,,,,,
McClane,MO3,Open,37,7,37_7,G,0.23,23.7,1.507,9.7225612,0.000972256,0.195,0.000195,64.78,84.417,-19.637,200.5644356,20260501 13:37:14,13:36:26,0.001127,9.16794,0.057391,999.9913,1000,400,2.319239633,,,,,,,
McClane,MO3,Open,37,7,37_7,G,0.23,23.7,1.507,9.7225612,0.000972256,0.195,0.000195,64.78,84.417,-19.637,200.5644356,20260501 13:41:02,13:37:14,0.001304,9.471171,0.064432,1499.993,1500,401,2.348625862,,,,,,,
McClane,MO3,Open,37,13,37_13,G,0.24,23.7,1.244,8.0257904,0.000802579,0.1402,0.0001402,53.433,66.461,-13.028,174.6868446,20260501 13:41:59,13:41:02,0.00076,5.449718,0.0435,200.0062,200,402,1.864036409,,,,,,,
McClane,MO3,Open,37,13,37_13,G,0.24,23.7,1.244,8.0257904,0.000802579,0.1402,0.0001402,53.433,66.461,-13.028,174.6868446,20260501 13:43:00,13:41:59,0.00078,6.376655,0.043257,500.0071,500,403,1.998320284,,,,,,,
McClane,MO3,Open,37,13,37_13,G,0.24,23.7,1.244,8.0257904,0.000802579,0.1402,0.0001402,53.433,66.461,-13.028,174.6868446,20260501 13:43:57,13:43:00,0.000384,6.758931,0.020145,1000.014,1000,404,2.048844567,,,,,,,
McClane,MO3,Open,37,13,37_13,G,0.24,23.7,1.244,8.0257904,0.000802579,0.1402,0.0001402,53.433,66.461,-13.028,174.6868446,20260501 13:47:00,13:43:57,0.000232,6.926026,0.011662,1499.998,1500,405,2.070151775,,,,,,,
McClane,MO3,Open,38,2,38_2,G,0.2,28,1.064,6.8645024,0.00068645,0.1508,0.0001508,51.649,63.517,-11.868,219.6808905,20260501 13:47:49,13:47:00,0.00063,5.011702,0.035431,200.0134,200,406,1.793707903,,,,,,,
McClane,MO3,Open,38,2,38_2,G,0.2,28,1.064,6.8645024,0.00068645,0.1508,0.0001508,51.649,63.517,-11.868,219.6808905,20260501 13:48:40,13:47:49,0.000946,6.257203,0.050445,499.9882,500,407,1.981994493,,,,,,,
McClane,MO3,Open,38,2,38_2,G,0.2,28,1.064,6.8645024,0.00068645,0.1508,0.0001508,51.649,63.517,-11.868,219.6808905,20260501 13:49:31,13:48:40,0.000834,6.458102,0.042112,999.9887,1000,408,2.009300958,,,,,,,
McClane,MO3,Open,38,2,38_2,G,0.2,28,1.064,6.8645024,0.00068645,0.1508,0.0001508,51.649,63.517,-11.868,219.6808905,20260501 13:52:06,13:49:31,0.000788,6.859291,0.03788,1499.986,1500,409,2.061696399,,,,,,,
McClane,MO3,Open,38,11,38_11,R,0.21,28,1.181,7.6193396,0.000761934,0.1315,0.0001315,66.078,56.47,9.608,172.587136,20260501 13:53:02,13:52:06,0.002171,4.722041,0.122812,200.0066,200,410,1.74432556,,,,,,,
McClane,MO3,Open,38,11,38_11,R,0.21,28,1.181,7.6193396,0.000761934,0.1315,0.0001315,66.078,56.47,9.608,172.587136,20260501 13:53:52,13:53:02,0.00202,7.252196,0.111254,500.0038,500,411,2.110479347,,,,,,,
McClane,MO3,Open,38,11,38_11,R,0.21,28,1.181,7.6193396,0.000761934,0.1315,0.0001315,66.078,56.47,9.608,172.587136,20260501 13:54:45,13:53:52,0.002082,8.057845,0.110082,999.9869,1000,412,2.203631233,,,,,,,
McClane,MO3,Open,38,11,38_11,R,0.21,28,1.181,7.6193396,0.000761934,0.1315,0.0001315,66.078,56.47,9.608,172.587136,20260501 13:56:51,13:54:45,0.001945,8.283789,0.098691,1499.992,1500,413,2.228269761,,,,,,,
McClane,MO3,Open,38,12,38_12,R,0.19,28,1.616,10.4257856,0.001042579,0.1121,0.0001121,63.96,55.017,8.943,107.5218735,20260501 13:57:43,13:56:51,0.001831,2.601598,0.104522,200.0081,200,414,1.281377636,,,,,,,
McClane,MO3,Open,38,12,38_12,R,0.19,28,1.616,10.4257856,0.001042579,0.1121,0.0001121,63.96,55.017,8.943,107.5218735,20260501 13:58:34,13:57:43,0.001824,4.307941,0.101993,499.995,500,415,1.669204001,,,,,,,
McClane,MO3,Open,38,12,38_12,R,0.19,28,1.616,10.4257856,0.001042579,0.1121,0.0001121,63.96,55.017,8.943,107.5218735,20260501 13:59:27,13:58:34,0.001559,5.398527,0.084495,999.9928,1000,416,1.856067808,,,,,,,
McClane,MO3,Open,38,12,38_12,R,0.19,28,1.616,10.4257856,0.001042579,0.1121,0.0001121,63.96,55.017,8.943,107.5218735,,13:59:27,0.001461,5.933183,0.077047,1499.975,1500,417,1.936319015,,,,,,,